date,close,total_return_proxy,cumulative_dividend,split_factor
2015-08-04,1.572,1.572,0.0,1.0
2015-08-05,1.554,1.554,0.0,1.0
2015-08-06,1.541,1.541,0.0,1.0
2015-08-07,1.584,1.584,0.0,1.0
2015-08-10,1.665,1.665,0.0,1.0
2015-08-11,1.676,1.676,0.0,1.0
2015-08-12,1.657,1.657,0.0,1.0
2015-08-13,1.688,1.688,0.0,1.0
2015-08-14,1.705,1.705,0.0,1.0
2015-08-17,1.747,1.747,0.0,1.0
2015-08-18,1.62,1.62,0.0,1.0
2015-08-19,1.659,1.659,0.0,1.0
2015-08-20,1.61,1.61,0.0,1.0
2015-08-21,1.539,1.539,0.0,1.0
2015-08-24,1.385,1.385,0.0,1.0
2015-08-25,1.247,1.247,0.0,1.0
2015-08-26,1.238,1.238,0.0,1.0
2015-08-27,1.275,1.275,0.0,1.0
2015-08-28,1.359,1.359,0.0,1.0
2015-08-31,1.304,1.304,0.0,1.0
2015-09-01,1.219,1.219,0.0,1.0
2015-09-02,1.207,1.207,0.0,1.0
2015-09-07,1.215,1.215,0.0,1.0
2015-09-08,1.26,1.26,0.0,1.0
2015-09-09,1.297,1.297,0.0,1.0
2015-09-10,1.277,1.277,0.0,1.0
2015-09-11,1.28,1.28,0.0,1.0
2015-09-14,1.194,1.194,0.0,1.0
2015-09-15,1.13,1.13,0.0,1.0
2015-09-16,1.226,1.226,0.0,1.0
2015-09-17,1.182,1.182,0.0,1.0
2015-09-18,1.191,1.191,0.0,1.0
2015-09-21,1.222,1.222,0.0,1.0
2015-09-22,1.239,1.239,0.0,1.0
2015-09-23,1.221,1.221,0.0,1.0
2015-09-24,1.234,1.234,0.0,1.0
2015-09-25,1.197,1.197,0.0,1.0
2015-09-28,1.219,1.219,0.0,1.0
2015-09-29,1.199,1.199,0.0,1.0
2015-09-30,1.202,1.202,0.0,1.0
2015-10-08,1.251,1.251,0.0,1.0
2015-10-09,1.26,1.26,0.0,1.0
2015-10-12,1.331,1.331,0.0,1.0
2015-10-13,1.329,1.329,0.0,1.0
2015-10-14,1.315,1.315,0.0,1.0
2015-10-15,1.351,1.351,0.0,1.0
2015-10-16,1.385,1.385,0.0,1.0
2015-10-19,1.377,1.377,0.0,1.0
2015-10-20,1.392,1.392,0.0,1.0
2015-10-21,1.328,1.328,0.0,1.0
2015-10-22,1.368,1.368,0.0,1.0
2015-10-23,1.392,1.392,0.0,1.0
2015-10-26,1.407,1.407,0.0,1.0
2015-10-27,1.417,1.417,0.0,1.0
2015-10-28,1.392,1.392,0.0,1.0
2015-10-29,1.397,1.397,0.0,1.0
2015-10-30,1.387,1.387,0.0,1.0
2015-11-02,1.37,1.37,0.0,1.0
2015-11-03,1.36,1.36,0.0,1.0
2015-11-04,1.436,1.436,0.0,1.0
2015-11-05,1.438,1.438,0.0,1.0
2015-11-06,1.462,1.462,0.0,1.0
2015-11-09,1.487,1.487,0.0,1.0
2015-11-10,1.485,1.485,0.0,1.0
2015-11-11,1.508,1.508,0.0,1.0
2015-11-12,1.51,1.51,0.0,1.0
2015-11-13,1.489,1.489,0.0,1.0
2015-11-16,1.521,1.521,0.0,1.0
2015-11-17,1.506,1.506,0.0,1.0
2015-11-18,1.48,1.48,0.0,1.0
2015-11-19,1.515,1.515,0.0,1.0
2015-11-20,1.532,1.532,0.0,1.0
2015-11-23,1.524,1.524,0.0,1.0
2015-11-24,1.548,1.548,0.0,1.0
2015-11-25,1.56,1.56,0.0,1.0
2015-11-26,1.565,1.565,0.0,1.0
2015-11-27,1.491,1.491,0.0,1.0
2015-11-30,1.479,1.479,0.0,1.0
2015-12-01,1.48,1.48,0.0,1.0
2015-12-02,1.469,1.469,0.0,1.0
2015-12-03,1.502,1.502,0.0,1.0
2015-12-04,1.498,1.498,0.0,1.0
2015-12-07,1.506,1.506,0.0,1.0
2015-12-08,1.471,1.471,0.0,1.0
2015-12-09,1.458,1.458,0.0,1.0
2015-12-10,1.467,1.467,0.0,1.0
2015-12-11,1.445,1.445,0.0,1.0
2015-12-14,1.47,1.47,0.0,1.0
2015-12-15,1.49,1.49,0.0,1.0
2015-12-16,1.495,1.495,0.0,1.0
2015-12-17,1.534,1.534,0.0,1.0
2015-12-18,1.533,1.533,0.0,1.0
2015-12-21,1.543,1.543,0.0,1.0
2015-12-22,1.558,1.558,0.0,1.0
2015-12-23,1.542,1.542,0.0,1.0
2015-12-24,1.533,1.533,0.0,1.0
2015-12-25,1.547,1.547,0.0,1.0
2015-12-28,1.516,1.516,0.0,1.0
2015-12-29,1.528,1.528,0.0,1.0
2015-12-30,1.54,1.54,0.0,1.0
2015-12-31,1.521,1.521,0.0,1.0
2016-01-04,1.39,1.39,0.0,1.0
2016-01-05,1.362,1.362,0.0,1.0
2016-01-06,1.405,1.405,0.0,1.0
2016-01-07,1.288,1.288,0.0,1.0
2016-01-08,1.312,1.312,0.0,1.0
2016-01-11,1.264,1.264,0.0,1.0
2016-01-12,1.229,1.229,0.0,1.0
2016-01-13,1.187,1.187,0.0,1.0
2016-01-14,1.223,1.223,0.0,1.0
2016-01-15,1.172,1.172,0.0,1.0
2016-01-18,1.19,1.19,0.0,1.0
2016-01-19,1.23,1.23,0.0,1.0
2016-01-20,1.225,1.225,0.0,1.0
2016-01-21,1.179,1.179,0.0,1.0
2016-01-22,1.191,1.191,0.0,1.0
2016-01-25,1.205,1.205,0.0,1.0
2016-01-26,1.177,1.177,0.0,1.0
2016-01-27,1.112,1.112,0.0,1.0
2016-01-28,1.072,1.072,0.0,1.0
2016-01-29,1.093,1.093,0.0,1.0
2016-02-01,1.081,1.081,0.0,1.0
2016-02-02,1.114,1.114,0.0,1.0
2016-02-03,1.12,1.12,0.0,1.0
2016-02-04,1.145,1.145,0.0,1.0
2016-02-05,1.133,1.133,0.0,1.0
2016-02-15,1.135,1.135,0.0,1.0
2016-02-16,1.177,1.177,0.0,1.0
2016-02-17,1.188,1.188,0.0,1.0
2016-02-18,1.186,1.186,0.0,1.0
2016-02-19,1.192,1.192,0.0,1.0
2016-02-22,1.216,1.216,0.0,1.0
2016-02-23,1.207,1.207,0.0,1.0
2016-02-24,1.214,1.214,0.0,1.0
2016-02-25,1.122,1.122,0.0,1.0
2016-02-26,1.129,1.129,0.0,1.0
2016-02-29,1.07,1.07,0.0,1.0
2016-03-01,1.091,1.091,0.0,1.0
2016-03-02,1.142,1.142,0.0,1.0
2016-03-03,1.146,1.146,0.0,1.0
2016-03-04,1.12,1.12,0.0,1.0
2016-03-07,1.143,1.143,0.0,1.0
2016-03-08,1.147,1.147,0.0,1.0
2016-03-09,1.122,1.122,0.0,1.0
2016-03-10,1.105,1.105,0.0,1.0
2016-03-11,1.101,1.101,0.0,1.0
2016-03-14,1.136,1.136,0.0,1.0
2016-03-15,1.126,1.126,0.0,1.0
2016-03-16,1.11,1.11,0.0,1.0
2016-03-17,1.144,1.144,0.0,1.0
2016-03-18,1.184,1.184,0.0,1.0
2016-03-21,1.21,1.21,0.0,1.0
2016-03-22,1.209,1.209,0.0,1.0
2016-03-23,1.213,1.213,0.0,1.0
2016-03-24,1.199,1.199,0.0,1.0
2016-03-25,1.204,1.204,0.0,1.0
2016-03-28,1.202,1.202,0.0,1.0
2016-03-29,1.179,1.179,0.0,1.0
2016-03-30,1.221,1.221,0.0,1.0
2016-03-31,1.224,1.224,0.0,1.0
2016-04-01,1.218,1.218,0.0,1.0
2016-04-05,1.249,1.249,0.0,1.0
2016-04-06,1.258,1.258,0.0,1.0
2016-04-07,1.245,1.245,0.0,1.0
2016-04-08,1.232,1.232,0.0,1.0
2016-04-11,1.261,1.261,0.0,1.0
2016-04-12,1.247,1.247,0.0,1.0
2016-04-13,1.269,1.269,0.0,1.0
2016-04-14,1.277,1.277,0.0,1.0
2016-04-15,1.272,1.272,0.0,1.0
2016-04-18,1.251,1.251,0.0,1.0
2016-04-19,1.254,1.254,0.0,1.0
2016-04-20,1.201,1.201,0.0,1.0
2016-04-21,1.187,1.187,0.0,1.0
2016-04-22,1.193,1.193,0.0,1.0
2016-04-25,1.186,1.186,0.0,1.0
2016-04-26,1.205,1.205,0.0,1.0
2016-04-27,1.196,1.196,0.0,1.0
2016-04-28,1.19,1.19,0.0,1.0
2016-04-29,1.19,1.19,0.0,1.0
2016-05-03,1.223,1.223,0.0,1.0
2016-05-04,1.23,1.23,0.0,1.0
2016-05-05,1.232,1.232,0.0,1.0
2016-05-06,1.19,1.19,0.0,1.0
2016-05-09,1.146,1.146,0.0,1.0
2016-05-10,1.144,1.144,0.0,1.0
2016-05-11,1.141,1.141,0.0,1.0
2016-05-12,1.14,1.14,0.0,1.0
2016-05-13,1.14,1.14,0.0,1.0
2016-05-16,1.155,1.155,0.0,1.0
2016-05-17,1.151,1.151,0.0,1.0
2016-05-18,1.126,1.126,0.0,1.0
2016-05-19,1.132,1.132,0.0,1.0
2016-05-20,1.14,1.14,0.0,1.0
2016-05-23,1.159,1.159,0.0,1.0
2016-05-24,1.146,1.146,0.0,1.0
2016-05-25,1.137,1.137,0.0,1.0
2016-05-26,1.141,1.141,0.0,1.0
2016-05-27,1.141,1.141,0.0,1.0
2016-05-30,1.141,1.141,0.0,1.0
2016-05-31,1.182,1.182,0.0,1.0
2016-06-01,1.188,1.188,0.0,1.0
2016-06-02,1.194,1.194,0.0,1.0
2016-06-03,1.2,1.2,0.0,1.0
2016-06-06,1.206,1.206,0.0,1.0
2016-06-07,1.206,1.206,0.0,1.0
2016-06-08,1.205,1.205,0.0,1.0
2016-06-13,1.151,1.151,0.0,1.0
2016-06-14,1.155,1.155,0.0,1.0
2016-06-15,1.187,1.187,0.0,1.0
2016-06-16,1.185,1.185,0.0,1.0
2016-06-17,1.19,1.19,0.0,1.0
2016-06-20,1.195,1.195,0.0,1.0
2016-06-21,1.184,1.184,0.0,1.0
2016-06-22,1.198,1.198,0.0,1.0
2016-06-23,1.197,1.197,0.0,1.0
2016-06-24,1.185,1.185,0.0,1.0
2016-06-27,1.209,1.209,0.0,1.0
2016-06-28,1.222,1.222,0.0,1.0
2016-06-29,1.23,1.23,0.0,1.0
2016-06-30,1.225,1.225,0.0,1.0
2016-07-01,1.222,1.222,0.0,1.0
2016-07-04,1.247,1.247,0.0,1.0
2016-07-05,1.254,1.254,0.0,1.0
2016-07-06,1.26,1.26,0.0,1.0
2016-07-07,1.263,1.263,0.0,1.0
2016-07-08,1.265,1.265,0.0,1.0
2016-07-11,1.266,1.266,0.0,1.0
2016-07-12,1.28,1.28,0.0,1.0
2016-07-13,1.29,1.29,0.0,1.0
2016-07-14,1.287,1.287,0.0,1.0
2016-07-15,1.294,1.294,0.0,1.0
2016-07-18,1.286,1.286,0.0,1.0
2016-07-19,1.29,1.29,0.0,1.0
2016-07-20,1.289,1.289,0.0,1.0
2016-07-21,1.288,1.288,0.0,1.0
2016-07-22,1.281,1.281,0.0,1.0
2016-07-25,1.285,1.285,0.0,1.0
2016-07-26,1.3,1.3,0.0,1.0
2016-07-27,1.248,1.248,0.0,1.0
2016-07-28,1.252,1.252,0.0,1.0
2016-07-29,1.245,1.245,0.0,1.0
2016-08-01,1.221,1.221,0.0,1.0
2016-08-02,1.235,1.235,0.0,1.0
2016-08-03,1.239,1.239,0.0,1.0
2016-08-04,1.25,1.25,0.0,1.0
2016-08-05,1.242,1.242,0.0,1.0
2016-08-08,1.258,1.258,0.0,1.0
2016-08-09,1.27,1.27,0.0,1.0
2016-08-10,1.266,1.266,0.0,1.0
2016-08-11,1.252,1.252,0.0,1.0
2016-08-12,1.261,1.261,0.0,1.0
2016-08-15,1.291,1.291,0.0,1.0
2016-08-16,1.298,1.298,0.0,1.0
2016-08-17,1.299,1.299,0.0,1.0
2016-08-18,1.3,1.3,0.0,1.0
2016-08-19,1.305,1.305,0.0,1.0
2016-08-22,1.29,1.29,0.0,1.0
2016-08-23,1.288,1.288,0.0,1.0
2016-08-24,1.293,1.293,0.0,1.0
2016-08-25,1.283,1.283,0.0,1.0
2016-08-26,1.289,1.289,0.0,1.0
2016-08-29,1.293,1.293,0.0,1.0
2016-08-30,1.29,1.29,0.0,1.0
2016-08-31,1.29,1.29,0.0,1.0
2016-09-01,1.284,1.284,0.0,1.0
2016-09-02,1.281,1.281,0.0,1.0
2016-09-05,1.287,1.287,0.0,1.0
2016-09-06,1.304,1.304,0.0,1.0
2016-09-07,1.306,1.306,0.0,1.0
2016-09-08,1.307,1.307,0.0,1.0
2016-09-09,1.299,1.299,0.0,1.0
2016-09-12,1.268,1.268,0.0,1.0
2016-09-13,1.274,1.274,0.0,1.0
2016-09-14,1.266,1.266,0.0,1.0
2016-09-19,1.278,1.278,0.0,1.0
2016-09-20,1.277,1.277,0.0,1.0
2016-09-21,1.279,1.279,0.0,1.0
2016-09-22,1.287,1.287,0.0,1.0
2016-09-23,1.285,1.285,0.0,1.0
2016-09-26,1.26,1.26,0.0,1.0
2016-09-27,1.264,1.264,0.0,1.0
2016-09-28,1.267,1.267,0.0,1.0
2016-09-29,1.266,1.266,0.0,1.0
2016-09-30,1.274,1.274,0.0,1.0
2016-10-10,1.3,1.3,0.0,1.0
2016-10-11,1.308,1.308,0.0,1.0
2016-10-12,1.306,1.306,0.0,1.0
2016-10-13,1.308,1.308,0.0,1.0
2016-10-14,1.305,1.305,0.0,1.0
2016-10-17,1.294,1.294,0.0,1.0
2016-10-18,1.31,1.31,0.0,1.0
2016-10-19,1.311,1.311,0.0,1.0
2016-10-20,1.312,1.312,0.0,1.0
2016-10-21,1.305,1.305,0.0,1.0
2016-10-24,1.318,1.318,0.0,1.0
2016-10-25,1.322,1.322,0.0,1.0
2016-10-26,1.315,1.315,0.0,1.0
2016-10-27,1.315,1.315,0.0,1.0
2016-10-28,1.306,1.306,0.0,1.0
2016-10-31,1.303,1.303,0.0,1.0
2016-11-01,1.313,1.313,0.0,1.0
2016-11-02,1.303,1.303,0.0,1.0
2016-11-03,1.309,1.309,0.0,1.0
2016-11-04,1.305,1.305,0.0,1.0
2016-11-07,1.305,1.305,0.0,1.0
2016-11-08,1.316,1.316,0.0,1.0
2016-11-09,1.307,1.307,0.0,1.0
2016-11-10,1.321,1.321,0.0,1.0
2016-11-11,1.334,1.334,0.0,1.0
2016-11-14,1.338,1.338,0.0,1.0
2016-11-15,1.344,1.344,0.0,1.0
2016-11-16,1.346,1.346,0.0,1.0
2016-11-17,1.344,1.344,0.0,1.0
2016-11-18,1.34,1.34,0.0,1.0
2016-11-21,1.341,1.341,0.0,1.0
2016-11-22,1.35,1.35,0.0,1.0
2016-11-23,1.344,1.344,0.0,1.0
2016-11-24,1.346,1.346,0.0,1.0
2016-11-25,1.348,1.348,0.0,1.0
2016-11-28,1.354,1.354,0.0,1.0
2016-11-29,1.343,1.343,0.0,1.0
2016-11-30,1.334,1.334,0.0,1.0
2016-12-01,1.343,1.343,0.0,1.0
2016-12-02,1.324,1.324,0.0,1.0
2016-12-05,1.319,1.319,0.0,1.0
2016-12-06,1.32,1.32,0.0,1.0
2016-12-07,1.331,1.331,0.0,1.0
2016-12-08,1.329,1.329,0.0,1.0
2016-12-09,1.321,1.321,0.0,1.0
2016-12-12,1.271,1.271,0.0,1.0
2016-12-13,1.272,1.272,0.0,1.0
2016-12-14,1.269,1.269,0.0,1.0
2016-12-15,1.27,1.27,0.0,1.0
2016-12-16,1.282,1.282,0.0,1.0
2016-12-19,1.28,1.28,0.0,1.0
2016-12-20,1.279,1.279,0.0,1.0
2016-12-21,1.289,1.289,0.0,1.0
2016-12-22,1.289,1.289,0.0,1.0
2016-12-23,1.28,1.28,0.0,1.0
2016-12-26,1.28,1.28,0.0,1.0
2016-12-27,1.279,1.279,0.0,1.0
2016-12-28,1.275,1.275,0.0,1.0
2016-12-29,1.27,1.27,0.0,1.0
2016-12-30,1.274,1.274,0.0,1.0
2017-01-03,1.286,1.286,0.0,1.0
2017-01-04,1.301,1.301,0.0,1.0
2017-01-05,1.301,1.301,0.0,1.0
2017-01-06,1.298,1.298,0.0,1.0
2017-01-09,1.304,1.304,0.0,1.0
2017-01-10,1.3,1.3,0.0,1.0
2017-01-11,1.291,1.291,0.0,1.0
2017-01-12,1.279,1.279,0.0,1.0
2017-01-13,1.264,1.264,0.0,1.0
2017-01-16,1.23,1.23,0.0,1.0
2017-01-17,1.238,1.238,0.0,1.0
2017-01-18,1.239,1.239,0.0,1.0
2017-01-19,1.232,1.232,0.0,1.0
2017-01-20,1.25,1.25,0.0,1.0
2017-01-23,1.232,1.256,0.024,1.0
2017-01-24,1.237,1.2610000000000001,0.024,1.0
2017-01-25,1.239,1.2630000000000001,0.024,1.0
2017-01-26,1.246,1.27,0.024,1.0
2017-02-03,1.247,1.2710000000000001,0.024,1.0
2017-02-06,1.258,1.282,0.024,1.0
2017-02-07,1.251,1.275,0.024,1.0
2017-02-08,1.261,1.285,0.024,1.0
2017-02-09,1.268,1.292,0.024,1.0
2017-02-10,1.272,1.296,0.024,1.0
2017-02-13,1.277,1.301,0.024,1.0
2017-02-14,1.279,1.303,0.024,1.0
2017-02-15,1.265,1.289,0.024,1.0
2017-02-16,1.275,1.299,0.024,1.0
2017-02-17,1.266,1.29,0.024,1.0
2017-02-20,1.279,1.303,0.024,1.0
2017-02-21,1.291,1.315,0.024,1.0
2017-02-22,1.3,1.324,0.024,1.0
2017-02-23,1.299,1.323,0.024,1.0
2017-02-24,1.301,1.325,0.024,1.0
2017-02-27,1.292,1.316,0.024,1.0
2017-02-28,1.296,1.32,0.024,1.0
2017-03-01,1.302,1.326,0.024,1.0
2017-03-02,1.294,1.318,0.024,1.0
2017-03-03,1.297,1.321,0.024,1.0
2017-03-06,1.309,1.333,0.024,1.0
2017-03-07,1.31,1.334,0.024,1.0
2017-03-08,1.305,1.329,0.024,1.0
2017-03-09,1.296,1.32,0.024,1.0
2017-03-10,1.297,1.321,0.024,1.0
2017-03-13,1.308,1.332,0.024,1.0
2017-03-14,1.308,1.332,0.024,1.0
2017-03-15,1.305,1.329,0.024,1.0
2017-03-16,1.317,1.341,0.024,1.0
2017-03-17,1.307,1.331,0.024,1.0
2017-03-20,1.31,1.334,0.024,1.0
2017-03-21,1.313,1.337,0.024,1.0
2017-03-22,1.31,1.334,0.024,1.0
2017-03-23,1.313,1.337,0.024,1.0
2017-03-24,1.321,1.345,0.024,1.0
2017-03-27,1.315,1.339,0.024,1.0
2017-03-28,1.312,1.336,0.024,1.0
2017-03-29,1.311,1.335,0.024,1.0
2017-03-30,1.285,1.309,0.024,1.0
2017-03-31,1.295,1.319,0.024,1.0
2017-04-05,1.325,1.349,0.024,1.0
2017-04-06,1.326,1.35,0.024,1.0
2017-04-07,1.331,1.355,0.024,1.0
2017-04-10,1.329,1.353,0.024,1.0
2017-04-11,1.339,1.363,0.024,1.0
2017-04-12,1.331,1.355,0.024,1.0
2017-04-13,1.339,1.363,0.024,1.0
2017-04-14,1.322,1.346,0.024,1.0
2017-04-17,1.308,1.332,0.024,1.0
2017-04-18,1.301,1.325,0.024,1.0
2017-04-19,1.286,1.31,0.024,1.0
2017-04-20,1.288,1.312,0.024,1.0
2017-04-21,1.28,1.304,0.024,1.0
2017-04-24,1.247,1.2710000000000001,0.024,1.0
2017-04-25,1.251,1.275,0.024,1.0
2017-04-26,1.255,1.279,0.024,1.0
2017-04-27,1.256,1.28,0.024,1.0
2017-04-28,1.261,1.285,0.024,1.0
2017-05-02,1.262,1.286,0.024,1.0
2017-05-03,1.26,1.284,0.024,1.0
2017-05-04,1.254,1.278,0.024,1.0
2017-05-05,1.239,1.2630000000000001,0.024,1.0
2017-05-08,1.216,1.24,0.024,1.0
2017-05-09,1.222,1.246,0.024,1.0
2017-05-10,1.199,1.223,0.024,1.0
2017-05-11,1.194,1.218,0.024,1.0
2017-05-12,1.192,1.216,0.024,1.0
2017-05-15,1.199,1.223,0.024,1.0
2017-05-16,1.224,1.248,0.024,1.0
2017-05-17,1.227,1.2510000000000001,0.024,1.0
2017-05-18,1.216,1.24,0.024,1.0
2017-05-19,1.219,1.243,0.024,1.0
2017-05-22,1.201,1.225,0.024,1.0
2017-05-23,1.175,1.199,0.024,1.0
2017-05-24,1.182,1.206,0.024,1.0
2017-05-25,1.193,1.217,0.024,1.0
2017-05-26,1.191,1.215,0.024,1.0
2017-05-31,1.186,1.21,0.024,1.0
2017-06-01,1.165,1.189,0.024,1.0
2017-06-02,1.177,1.201,0.024,1.0
2017-06-05,1.187,1.211,0.024,1.0
2017-06-06,1.191,1.215,0.024,1.0
2017-06-07,1.214,1.238,0.024,1.0
2017-06-08,1.217,1.241,0.024,1.0
2017-06-09,1.217,1.241,0.024,1.0
2017-06-12,1.206,1.23,0.024,1.0
2017-06-13,1.219,1.243,0.024,1.0
2017-06-14,1.219,1.243,0.024,1.0
2017-06-15,1.228,1.252,0.024,1.0
2017-06-16,1.227,1.2510000000000001,0.024,1.0
2017-06-19,1.236,1.26,0.024,1.0
2017-06-20,1.239,1.2630000000000001,0.024,1.0
2017-06-21,1.24,1.264,0.024,1.0
2017-06-22,1.225,1.249,0.024,1.0
2017-06-23,1.227,1.2510000000000001,0.024,1.0
2017-06-26,1.248,1.272,0.024,1.0
2017-06-27,1.247,1.2710000000000001,0.024,1.0
2017-06-28,1.243,1.2670000000000001,0.024,1.0
2017-06-29,1.249,1.2730000000000001,0.024,1.0
2017-06-30,1.253,1.277,0.024,1.0
2017-07-03,1.261,1.285,0.024,1.0
2017-07-04,1.257,1.281,0.024,1.0
2017-07-05,1.266,1.29,0.024,1.0
2017-07-06,1.268,1.292,0.024,1.0
2017-07-07,1.273,1.297,0.024,1.0
2017-07-10,1.268,1.292,0.024,1.0
2017-07-11,1.254,1.278,0.024,1.0
2017-07-12,1.253,1.277,0.024,1.0
2017-07-13,1.256,1.28,0.024,1.0
2017-07-14,1.252,1.276,0.024,1.0
2017-07-17,1.202,1.226,0.024,1.0
2017-07-18,1.214,1.238,0.024,1.0
2017-07-19,1.239,1.2630000000000001,0.024,1.0
2017-07-20,1.246,1.27,0.024,1.0
2017-07-21,1.254,1.278,0.024,1.0
2017-07-24,1.261,1.285,0.024,1.0
2017-07-25,1.259,1.283,0.024,1.0
2017-07-26,1.256,1.28,0.024,1.0
2017-07-27,1.266,1.29,0.024,1.0
2017-07-28,1.272,1.296,0.024,1.0
2017-07-31,1.29,1.314,0.024,1.0
2017-08-01,1.285,1.309,0.024,1.0
2017-08-02,1.278,1.302,0.024,1.0
2017-08-03,1.281,1.305,0.024,1.0
2017-08-04,1.274,1.298,0.024,1.0
2017-08-07,1.293,1.317,0.024,1.0
2017-08-08,1.289,1.313,0.024,1.0
2017-08-09,1.298,1.322,0.024,1.0
2017-08-10,1.288,1.312,0.024,1.0
2017-08-11,1.261,1.285,0.024,1.0
2017-08-14,1.288,1.312,0.024,1.0
2017-08-15,1.292,1.316,0.024,1.0
2017-08-16,1.292,1.316,0.024,1.0
2017-08-17,1.304,1.328,0.024,1.0
2017-08-18,1.299,1.323,0.024,1.0
2017-08-21,1.312,1.336,0.024,1.0
2017-08-22,1.307,1.331,0.024,1.0
2017-08-23,1.296,1.32,0.024,1.0
2017-08-24,1.285,1.309,0.024,1.0
2017-08-25,1.3,1.324,0.024,1.0
2017-08-28,1.315,1.339,0.024,1.0
2017-08-29,1.314,1.338,0.024,1.0
2017-08-30,1.321,1.345,0.024,1.0
2017-08-31,1.326,1.35,0.024,1.0
2017-09-01,1.34,1.364,0.024,1.0
2017-09-04,1.343,1.367,0.024,1.0
2017-09-05,1.348,1.372,0.024,1.0
2017-09-06,1.355,1.379,0.024,1.0
2017-09-07,1.346,1.37,0.024,1.0
2017-09-08,1.345,1.369,0.024,1.0
2017-09-11,1.363,1.387,0.024,1.0
2017-09-12,1.36,1.3840000000000001,0.024,1.0
2017-09-13,1.369,1.393,0.024,1.0
2017-09-14,1.367,1.391,0.024,1.0
2017-09-15,1.36,1.3840000000000001,0.024,1.0
2017-09-18,1.368,1.3920000000000001,0.024,1.0
2017-09-19,1.362,1.3860000000000001,0.024,1.0
2017-09-20,1.373,1.397,0.024,1.0
2017-09-21,1.36,1.3840000000000001,0.024,1.0
2017-09-22,1.35,1.374,0.024,1.0
2017-09-25,1.336,1.36,0.024,1.0
2017-09-26,1.34,1.364,0.024,1.0
2017-09-27,1.353,1.377,0.024,1.0
2017-09-28,1.352,1.3760000000000001,0.024,1.0
2017-09-29,1.358,1.3820000000000001,0.024,1.0
2017-10-09,1.374,1.3980000000000001,0.024,1.0
2017-10-10,1.377,1.401,0.024,1.0
2017-10-11,1.371,1.395,0.024,1.0
2017-10-12,1.368,1.3920000000000001,0.024,1.0
2017-10-13,1.38,1.404,0.024,1.0
2017-10-16,1.362,1.3860000000000001,0.024,1.0
2017-10-17,1.36,1.3840000000000001,0.024,1.0
2017-10-18,1.353,1.377,0.024,1.0
2017-10-19,1.339,1.363,0.024,1.0
2017-10-20,1.353,1.377,0.024,1.0
2017-10-23,1.359,1.383,0.024,1.0
2017-10-24,1.36,1.3840000000000001,0.024,1.0
2017-10-25,1.368,1.3920000000000001,0.024,1.0
2017-10-26,1.372,1.3960000000000001,0.024,1.0
2017-10-27,1.363,1.387,0.024,1.0
2017-10-30,1.342,1.366,0.024,1.0
2017-10-31,1.352,1.3760000000000001,0.024,1.0
2017-11-01,1.35,1.374,0.024,1.0
2017-11-02,1.336,1.36,0.024,1.0
2017-11-03,1.325,1.349,0.024,1.0
2017-11-06,1.342,1.366,0.024,1.0
2017-11-07,1.35,1.374,0.024,1.0
2017-11-08,1.354,1.3780000000000001,0.024,1.0
2017-11-09,1.363,1.387,0.024,1.0
2017-11-10,1.371,1.395,0.024,1.0
2017-11-13,1.376,1.4,0.024,1.0
2017-11-14,1.367,1.391,0.024,1.0
2017-11-15,1.349,1.373,0.024,1.0
2017-11-16,1.355,1.379,0.024,1.0
2017-11-17,1.314,1.338,0.024,1.0
2017-11-20,1.329,1.353,0.024,1.0
2017-11-21,1.334,1.358,0.024,1.0
2017-11-22,1.33,1.354,0.024,1.0
2017-11-23,1.3,1.324,0.024,1.0
2017-11-24,1.299,1.323,0.024,1.0
2017-11-27,1.284,1.308,0.024,1.0
2017-11-28,1.304,1.328,0.024,1.0
2017-11-29,1.31,1.334,0.024,1.0
2017-11-30,1.296,1.32,0.024,1.0
2017-12-01,1.307,1.331,0.024,1.0
2017-12-04,1.301,1.325,0.024,1.0
2017-12-05,1.267,1.291,0.024,1.0
2017-12-06,1.28,1.304,0.024,1.0
2017-12-07,1.274,1.298,0.024,1.0
2017-12-08,1.281,1.305,0.024,1.0
2017-12-11,1.3,1.324,0.024,1.0
2017-12-12,1.29,1.314,0.024,1.0
2017-12-13,1.297,1.321,0.024,1.0
2017-12-14,1.299,1.323,0.024,1.0
2017-12-15,1.289,1.313,0.024,1.0
2017-12-18,1.281,1.305,0.024,1.0
2017-12-19,1.292,1.316,0.024,1.0
2017-12-20,1.282,1.306,0.024,1.0
2017-12-21,1.291,1.315,0.024,1.0
2017-12-22,1.29,1.314,0.024,1.0
2017-12-25,1.279,1.303,0.024,1.0
2017-12-26,1.286,1.31,0.024,1.0
2017-12-27,1.279,1.303,0.024,1.0
2017-12-28,1.281,1.305,0.024,1.0
2017-12-29,1.296,1.32,0.024,1.0
2018-01-02,1.312,1.336,0.024,1.0
2018-01-03,1.322,1.346,0.024,1.0
2018-01-04,1.328,1.352,0.024,1.0
2018-01-05,1.33,1.354,0.024,1.0
2018-01-08,1.334,1.358,0.024,1.0
2018-01-09,1.334,1.358,0.024,1.0
2018-01-10,1.327,1.351,0.024,1.0
2018-01-11,1.332,1.356,0.024,1.0
2018-01-12,1.326,1.35,0.024,1.0
2018-01-15,1.295,1.319,0.024,1.0
2018-01-16,1.305,1.329,0.024,1.0
2018-01-17,1.299,1.323,0.024,1.0
2018-01-18,1.301,1.325,0.024,1.0
2018-01-19,1.3,1.324,0.024,1.0
2018-01-22,1.314,1.338,0.024,1.0
2018-01-23,1.314,1.338,0.024,1.0
2018-01-24,1.323,1.347,0.024,1.0
2018-01-25,1.322,1.346,0.024,1.0
2018-01-26,1.321,1.345,0.024,1.0
2018-01-29,1.307,1.331,0.024,1.0
2018-01-30,1.308,1.332,0.024,1.0
2018-01-31,1.283,1.307,0.024,1.0
2018-02-01,1.242,1.266,0.024,1.0
2018-02-02,1.246,1.27,0.024,1.0
2018-02-05,1.245,1.2690000000000001,0.024,1.0
2018-02-06,1.185,1.209,0.024,1.0
2018-02-07,1.188,1.212,0.024,1.0
2018-02-08,1.201,1.225,0.024,1.0
2018-02-09,1.157,1.181,0.024,1.0
2018-02-12,1.185,1.209,0.024,1.0
2018-02-13,1.193,1.217,0.024,1.0
2018-02-14,1.198,1.222,0.024,1.0
2018-02-22,1.22,1.244,0.024,1.0
2018-02-23,1.223,1.247,0.024,1.0
2018-02-26,1.251,1.275,0.024,1.0
2018-02-27,1.247,1.2710000000000001,0.024,1.0
2018-02-28,1.25,1.274,0.024,1.0
2018-03-01,1.262,1.286,0.024,1.0
2018-03-02,1.256,1.28,0.024,1.0
2018-03-05,1.259,1.283,0.024,1.0
2018-03-06,1.274,1.298,0.024,1.0
2018-03-07,1.263,1.287,0.024,1.0
2018-03-08,1.272,1.296,0.024,1.0
2018-03-09,1.288,1.312,0.024,1.0
2018-03-12,1.307,1.331,0.024,1.0
2018-03-13,1.299,1.323,0.024,1.0
2018-03-14,1.284,1.308,0.024,1.0
2018-03-15,1.28,1.304,0.024,1.0
2018-03-16,1.275,1.299,0.024,1.0
2018-03-19,1.278,1.302,0.024,1.0
2018-03-20,1.282,1.306,0.024,1.0
2018-03-21,1.273,1.297,0.024,1.0
2018-03-22,1.267,1.291,0.024,1.0
2018-03-23,1.203,1.227,0.024,1.0
2018-03-26,1.225,1.249,0.024,1.0
2018-03-27,1.252,1.276,0.024,1.0
2018-03-28,1.239,1.2630000000000001,0.024,1.0
2018-03-29,1.254,1.278,0.024,1.0
2018-03-30,1.269,1.293,0.024,1.0
2018-04-02,1.271,1.295,0.024,1.0
2018-04-03,1.258,1.282,0.024,1.0
2018-04-04,1.249,1.2730000000000001,0.024,1.0
2018-04-09,1.251,1.275,0.024,1.0
2018-04-10,1.258,1.282,0.024,1.0
2018-04-11,1.263,1.287,0.024,1.0
2018-04-12,1.256,1.28,0.024,1.0
2018-04-13,1.25,1.274,0.024,1.0
2018-04-16,1.25,1.274,0.024,1.0
2018-04-17,1.225,1.249,0.024,1.0
2018-04-18,1.242,1.266,0.024,1.0
2018-04-19,1.248,1.272,0.024,1.0
2018-04-20,1.222,1.246,0.024,1.0
2018-04-23,1.21,1.234,0.024,1.0
2018-04-24,1.238,1.262,0.024,1.0
2018-04-25,1.237,1.2610000000000001,0.024,1.0
2018-04-26,1.218,1.242,0.024,1.0
2018-04-27,1.217,1.241,0.024,1.0
2018-05-02,1.219,1.243,0.024,1.0
2018-05-03,1.229,1.2530000000000001,0.024,1.0
2018-05-04,1.229,1.2530000000000001,0.024,1.0
2018-05-07,1.252,1.276,0.024,1.0
2018-05-08,1.255,1.279,0.024,1.0
2018-05-09,1.253,1.277,0.024,1.0
2018-05-10,1.258,1.282,0.024,1.0
2018-05-11,1.248,1.272,0.024,1.0
2018-05-14,1.243,1.2670000000000001,0.024,1.0
2018-05-15,1.254,1.278,0.024,1.0
2018-05-16,1.252,1.276,0.024,1.0
2018-05-17,1.244,1.268,0.024,1.0
2018-05-18,1.249,1.2730000000000001,0.024,1.0
2018-05-21,1.265,1.289,0.024,1.0
2018-05-22,1.269,1.293,0.024,1.0
2018-05-23,1.255,1.279,0.024,1.0
2018-05-24,1.251,1.275,0.024,1.0
2018-05-25,1.236,1.26,0.024,1.0
2018-05-28,1.232,1.256,0.024,1.0
2018-05-29,1.219,1.243,0.024,1.0
2018-05-30,1.187,1.211,0.024,1.0
2018-05-31,1.201,1.225,0.024,1.0
2018-06-01,1.189,1.213,0.024,1.0
2018-06-04,1.189,1.213,0.024,1.0
2018-06-05,1.208,1.232,0.024,1.0
2018-06-06,1.206,1.23,0.024,1.0
2018-06-07,1.2,1.224,0.024,1.0
2018-06-08,1.186,1.21,0.024,1.0
2018-06-11,1.179,1.203,0.024,1.0
2018-06-12,1.19,1.214,0.024,1.0
2018-06-13,1.174,1.198,0.024,1.0
2018-06-14,1.171,1.195,0.024,1.0
2018-06-15,1.148,1.172,0.024,1.0
2018-06-19,1.078,1.102,0.024,1.0
2018-06-20,1.091,1.115,0.024,1.0
2018-06-21,1.069,1.093,0.024,1.0
2018-06-22,1.083,1.107,0.024,1.0
2018-06-25,1.077,1.101,0.024,1.0
2018-06-26,1.083,1.107,0.024,1.0
2018-06-27,1.074,1.098,0.024,1.0
2018-06-28,1.065,1.089,0.024,1.0
2018-06-29,1.098,1.122,0.024,1.0
2018-07-02,1.081,1.105,0.024,1.0
2018-07-03,1.091,1.115,0.024,1.0
2018-07-04,1.079,1.103,0.024,1.0
2018-07-05,1.049,1.073,0.024,1.0
2018-07-06,1.053,1.077,0.024,1.0
2018-07-09,1.075,1.099,0.024,1.0
2018-07-10,1.081,1.105,0.024,1.0
2018-07-11,1.061,1.085,0.024,1.0
2018-07-12,1.089,1.113,0.024,1.0
2018-07-13,1.096,1.12,0.024,1.0
2018-07-16,1.095,1.119,0.024,1.0
2018-07-17,1.093,1.117,0.024,1.0
2018-07-18,1.086,1.11,0.024,1.0
2018-07-19,1.077,1.101,0.024,1.0
2018-07-20,1.091,1.115,0.024,1.0
2018-07-23,1.099,1.123,0.024,1.0
2018-07-24,1.118,1.1420000000000001,0.024,1.0
2018-07-25,1.118,1.1420000000000001,0.024,1.0
2018-07-26,1.111,1.135,0.024,1.0
2018-07-27,1.107,1.131,0.024,1.0
2018-07-30,1.091,1.115,0.024,1.0
2018-07-31,1.093,1.117,0.024,1.0
2018-08-01,1.077,1.101,0.024,1.0
2018-08-02,1.054,1.078,0.024,1.0
2018-08-03,1.041,1.065,0.024,1.0
2018-08-06,1.018,1.042,0.024,1.0
2018-08-07,1.046,1.07,0.024,1.0
2018-08-08,1.029,1.053,0.024,1.0
2018-08-09,1.056,1.08,0.024,1.0
2018-08-10,1.06,1.084,0.024,1.0
2018-08-13,1.065,1.089,0.024,1.0
2018-08-14,1.061,1.085,0.024,1.0
2018-08-15,1.041,1.065,0.024,1.0
2018-08-16,1.033,1.057,0.024,1.0
2018-08-17,1.016,1.04,0.024,1.0
2018-08-20,1.021,1.045,0.024,1.0
2018-08-21,1.032,1.056,0.024,1.0
2018-08-22,1.02,1.044,0.024,1.0
2018-08-23,1.026,1.05,0.024,1.0
2018-08-24,1.026,1.05,0.024,1.0
2018-08-27,1.047,1.071,0.024,1.0
2018-08-28,1.05,1.074,0.024,1.0
2018-08-29,1.044,1.068,0.024,1.0
2018-08-30,1.028,1.052,0.024,1.0
2018-08-31,1.016,1.04,0.024,1.0
2018-09-03,1.021,1.045,0.024,1.0
2018-09-04,1.033,1.057,0.024,1.0
2018-09-05,1.017,1.041,0.024,1.0
2018-09-06,1.013,1.037,0.024,1.0
2018-09-07,1.012,1.036,0.024,1.0
2018-09-10,0.995,1.019,0.024,1.0
2018-09-11,0.995,1.019,0.024,1.0
2018-09-12,0.992,1.016,0.024,1.0
2018-09-13,0.998,1.022,0.024,1.0
2018-09-14,0.988,1.012,0.024,1.0
2018-09-17,0.974,0.998,0.024,1.0
2018-09-18,0.991,1.015,0.024,1.0
2018-09-19,1.001,1.025,0.024,1.0
2018-09-20,1.0,1.024,0.024,1.0
2018-09-21,1.017,1.041,0.024,1.0
2018-09-25,1.013,1.037,0.024,1.0
2018-09-26,1.018,1.042,0.024,1.0
2018-09-27,1.006,1.03,0.024,1.0
2018-09-28,1.016,1.04,0.024,1.0
2018-10-08,0.983,1.007,0.024,1.0
2018-10-09,0.98,1.004,0.024,1.0
2018-10-10,0.979,1.003,0.024,1.0
2018-10-11,0.91,0.934,0.024,1.0
2018-10-12,0.904,0.928,0.024,1.0
2018-10-15,0.887,0.911,0.024,1.0
2018-10-16,0.869,0.893,0.024,1.0
2018-10-17,0.876,0.9,0.024,1.0
2018-10-18,0.859,0.883,0.024,1.0
2018-10-19,0.873,0.897,0.024,1.0
2018-10-22,0.921,0.9450000000000001,0.024,1.0
2018-10-23,0.901,0.925,0.024,1.0
2018-10-24,0.899,0.923,0.024,1.0
2018-10-25,0.898,0.922,0.024,1.0
2018-10-26,0.898,0.922,0.024,1.0
2018-10-29,0.882,0.906,0.024,1.0
2018-10-30,0.89,0.914,0.024,1.0
2018-10-31,0.905,0.929,0.024,1.0
2018-11-01,0.91,0.934,0.024,1.0
2018-11-02,0.94,0.964,0.024,1.0
2018-11-05,0.941,0.965,0.024,1.0
2018-11-06,0.941,0.965,0.024,1.0
2018-11-07,0.935,0.9590000000000001,0.024,1.0
2018-11-08,0.93,0.9540000000000001,0.024,1.0
2018-11-09,0.928,0.9520000000000001,0.024,1.0
2018-11-12,0.951,0.975,0.024,1.0
2018-11-13,0.968,0.992,0.024,1.0
2018-11-14,0.962,0.986,0.024,1.0
2018-11-15,0.981,1.005,0.024,1.0
2018-11-16,0.988,1.012,0.024,1.0
2018-11-19,0.992,1.016,0.024,1.0
2018-11-20,0.964,0.988,0.024,1.0
2018-11-21,0.967,0.991,0.024,1.0
2018-11-22,0.967,0.991,0.024,1.0
2018-11-23,0.93,0.9540000000000001,0.024,1.0
2018-11-26,0.928,0.9520000000000001,0.024,1.0
2018-11-27,0.932,0.9560000000000001,0.024,1.0
2018-11-28,0.944,0.968,0.024,1.0
2018-11-29,0.924,0.9480000000000001,0.024,1.0
2018-11-30,0.929,0.9530000000000001,0.024,1.0
2018-12-03,0.96,0.984,0.024,1.0
2018-12-04,0.964,0.988,0.024,1.0
2018-12-05,0.958,0.982,0.024,1.0
2018-12-06,0.938,0.962,0.024,1.0
2018-12-07,0.938,0.962,0.024,1.0
2018-12-10,0.928,0.9520000000000001,0.024,1.0
2018-12-11,0.935,0.9590000000000001,0.024,1.0
2018-12-12,0.932,0.9560000000000001,0.024,1.0
2018-12-13,0.942,0.966,0.024,1.0
2018-12-14,0.923,0.9470000000000001,0.024,1.0
2018-12-17,0.92,0.9440000000000001,0.024,1.0
2018-12-18,0.915,0.9390000000000001,0.024,1.0
2018-12-19,0.902,0.926,0.024,1.0
2018-12-20,0.904,0.928,0.024,1.0
2018-12-21,0.898,0.922,0.024,1.0
2018-12-24,0.908,0.932,0.024,1.0
2018-12-25,0.896,0.92,0.024,1.0
2018-12-26,0.894,0.918,0.024,1.0
2018-12-27,0.884,0.908,0.024,1.0
2018-12-28,0.886,0.91,0.024,1.0
2019-01-02,0.876,0.9,0.024,1.0
2019-01-03,0.874,0.898,0.024,1.0
2019-01-04,0.894,0.918,0.024,1.0
2019-01-07,0.91,0.934,0.024,1.0
2019-01-08,0.909,0.933,0.024,1.0
2019-01-09,0.909,0.933,0.024,1.0
2019-01-10,0.909,0.933,0.024,1.0
2019-01-11,0.914,0.9380000000000001,0.024,1.0
2019-01-14,0.91,0.934,0.024,1.0
2019-01-15,0.921,0.9450000000000001,0.024,1.0
2019-01-16,0.921,0.9450000000000001,0.024,1.0
2019-01-17,0.914,0.9380000000000001,0.024,1.0
2019-01-18,0.923,0.9470000000000001,0.024,1.0
2019-01-21,0.927,0.9510000000000001,0.024,1.0
2019-01-22,0.915,0.9390000000000001,0.024,1.0
2019-01-23,0.916,0.9400000000000001,0.024,1.0
2019-01-24,0.921,0.9450000000000001,0.024,1.0
2019-01-25,0.918,0.9420000000000001,0.024,1.0
2019-01-28,0.914,0.9380000000000001,0.024,1.0
2019-01-29,0.903,0.927,0.024,1.0
2019-01-30,0.896,0.92,0.024,1.0
2019-01-31,0.888,0.912,0.024,1.0
2019-02-01,0.912,0.936,0.024,1.0
2019-02-11,0.935,0.9590000000000001,0.024,1.0
2019-02-12,0.943,0.967,0.024,1.0
2019-02-13,0.961,0.985,0.024,1.0
2019-02-14,0.961,0.985,0.024,1.0
2019-02-15,0.956,0.98,0.024,1.0
2019-02-18,0.991,1.015,0.024,1.0
2019-02-19,0.99,1.014,0.024,1.0
2019-02-20,0.99,1.014,0.024,1.0
2019-02-21,0.99,1.014,0.024,1.0
2019-02-22,1.015,1.039,0.024,1.0
2019-02-25,1.073,1.097,0.024,1.0
2019-02-26,1.074,1.098,0.024,1.0
2019-02-27,1.066,1.09,0.024,1.0
2019-02-28,1.067,1.091,0.024,1.0
2019-03-01,1.075,1.099,0.024,1.0
2019-03-04,1.098,1.122,0.024,1.0
2019-03-05,1.126,1.15,0.024,1.0
2019-03-06,1.145,1.169,0.024,1.0
2019-03-07,1.17,1.194,0.024,1.0
2019-03-08,1.118,1.1420000000000001,0.024,1.0
2019-03-11,1.165,1.189,0.024,1.0
2019-03-12,1.182,1.206,0.024,1.0
2019-03-13,1.152,1.176,0.024,1.0
2019-03-14,1.127,1.151,0.024,1.0
2019-03-15,1.138,1.162,0.024,1.0
2019-03-18,1.17,1.194,0.024,1.0
2019-03-19,1.17,1.194,0.024,1.0
2019-03-20,1.17,1.194,0.024,1.0
2019-03-21,1.185,1.209,0.024,1.0
2019-03-22,1.194,1.218,0.024,1.0
2019-03-25,1.179,1.203,0.024,1.0
2019-03-26,1.145,1.169,0.024,1.0
2019-03-27,1.156,1.18,0.024,1.0
2019-03-28,1.142,1.166,0.024,1.0
2019-03-29,1.178,1.202,0.024,1.0
2019-04-01,1.223,1.247,0.024,1.0
2019-04-02,1.227,1.2510000000000001,0.024,1.0
2019-04-03,1.24,1.264,0.024,1.0
2019-04-04,1.248,1.272,0.024,1.0
2019-04-08,1.242,1.266,0.024,1.0
2019-04-09,1.244,1.268,0.024,1.0
2019-04-10,1.24,1.264,0.024,1.0
2019-04-11,1.215,1.239,0.024,1.0
2019-04-12,1.217,1.241,0.024,1.0
2019-04-15,1.203,1.227,0.024,1.0
2019-04-16,1.228,1.252,0.024,1.0
2019-04-17,1.232,1.256,0.024,1.0
2019-04-18,1.225,1.249,0.024,1.0
2019-04-19,1.234,1.258,0.024,1.0
2019-04-22,1.215,1.239,0.024,1.0
2019-04-23,1.197,1.221,0.024,1.0
2019-04-24,1.205,1.229,0.024,1.0
2019-04-25,1.161,1.185,0.024,1.0
2019-04-26,1.152,1.176,0.024,1.0
2019-04-29,1.12,1.1440000000000001,0.024,1.0
2019-04-30,1.129,1.153,0.024,1.0
2019-05-06,1.044,1.068,0.024,1.0
2019-05-07,1.057,1.081,0.024,1.0
2019-05-08,1.053,1.077,0.024,1.0
2019-05-09,1.042,1.066,0.024,1.0
2019-05-10,1.077,1.101,0.024,1.0
2019-05-13,1.066,1.09,0.024,1.0
2019-05-14,1.057,1.081,0.024,1.0
2019-05-15,1.079,1.103,0.024,1.0
2019-05-16,1.086,1.11,0.024,1.0
2019-05-17,1.063,1.087,0.024,1.0
2019-05-20,1.049,1.073,0.024,1.0
2019-05-21,1.067,1.091,0.024,1.0
2019-05-22,1.061,1.085,0.024,1.0
2019-05-23,1.041,1.065,0.024,1.0
2019-05-24,1.035,1.059,0.024,1.0
2019-05-27,1.06,1.084,0.024,1.0
2019-05-28,1.056,1.08,0.024,1.0
2019-05-29,1.059,1.083,0.024,1.0
2019-05-30,1.054,1.078,0.024,1.0
2019-05-31,1.05,1.074,0.024,1.0
2019-06-03,1.04,1.064,0.024,1.0
2019-06-04,1.027,1.051,0.024,1.0
2019-06-05,1.023,1.047,0.024,1.0
2019-06-06,1.002,1.026,0.024,1.0
2019-06-10,1.013,1.037,0.024,1.0
2019-06-11,1.049,1.073,0.024,1.0
2019-06-12,1.041,1.065,0.024,1.0
2019-06-13,1.043,1.067,0.024,1.0
2019-06-14,1.026,1.05,0.024,1.0
2019-06-17,1.025,1.049,0.024,1.0
2019-06-18,1.025,1.049,0.024,1.0
2019-06-19,1.039,1.063,0.024,1.0
2019-06-20,1.059,1.083,0.024,1.0
2019-06-21,1.074,1.098,0.024,1.0
2019-06-24,1.074,1.098,0.024,1.0
2019-06-25,1.064,1.088,0.024,1.0
2019-06-26,1.063,1.087,0.024,1.0
2019-06-27,1.07,1.094,0.024,1.0
2019-06-28,1.061,1.085,0.024,1.0
2019-07-01,1.093,1.117,0.024,1.0
2019-07-02,1.087,1.111,0.024,1.0
2019-07-03,1.08,1.104,0.024,1.0
2019-07-04,1.075,1.099,0.024,1.0
2019-07-05,1.081,1.105,0.024,1.0
2019-07-08,1.044,1.068,0.024,1.0
2019-07-09,1.047,1.071,0.024,1.0
2019-07-10,1.039,1.063,0.024,1.0
2019-07-11,1.04,1.064,0.024,1.0
2019-07-12,1.044,1.068,0.024,1.0
2019-07-15,1.057,1.081,0.024,1.0
2019-07-16,1.059,1.083,0.024,1.0
2019-07-17,1.059,1.083,0.024,1.0
2019-07-18,1.042,1.066,0.024,1.0
2019-07-19,1.05,1.074,0.024,1.0
2019-07-22,1.032,1.056,0.024,1.0
2019-07-23,1.047,1.071,0.024,1.0
2019-07-24,1.06,1.084,0.024,1.0
2019-07-25,1.063,1.087,0.024,1.0
2019-07-26,1.066,1.09,0.024,1.0
2019-07-29,1.064,1.088,0.024,1.0
2019-07-30,1.072,1.096,0.024,1.0
2019-07-31,1.069,1.093,0.024,1.0
2019-08-01,1.06,1.084,0.024,1.0
2019-08-02,1.048,1.072,0.024,1.0
2019-08-05,1.037,1.061,0.024,1.0
2019-08-06,1.014,1.038,0.024,1.0
2019-08-07,1.01,1.034,0.024,1.0
2019-08-08,1.018,1.042,0.024,1.0
2019-08-09,1.007,1.031,0.024,1.0
2019-08-12,1.024,1.048,0.024,1.0
2019-08-13,1.02,1.044,0.024,1.0
2019-08-14,1.025,1.049,0.024,1.0
2019-08-15,1.03,1.054,0.024,1.0
2019-08-16,1.033,1.057,0.024,1.0
2019-08-19,1.069,1.093,0.024,1.0
2019-08-20,1.066,1.09,0.024,1.0
2019-08-21,1.067,1.091,0.024,1.0
2019-08-22,1.069,1.093,0.024,1.0
2019-08-23,1.07,1.094,0.024,1.0
2019-08-26,1.063,1.087,0.024,1.0
2019-08-27,1.074,1.098,0.024,1.0
2019-08-28,1.078,1.102,0.024,1.0
2019-08-29,1.081,1.105,0.024,1.0
2019-08-30,1.072,1.096,0.024,1.0
2019-09-02,1.097,1.121,0.024,1.0
2019-09-03,1.102,1.1260000000000001,0.024,1.0
2019-09-04,1.12,1.1440000000000001,0.024,1.0
2019-09-05,1.126,1.15,0.024,1.0
2019-09-06,1.128,1.152,0.024,1.0
2019-09-09,1.15,1.174,0.024,1.0
2019-09-10,1.15,1.174,0.024,1.0
2019-09-11,1.143,1.167,0.024,1.0
2019-09-12,1.147,1.171,0.024,1.0
2019-09-16,1.149,1.173,0.024,1.0
2019-09-17,1.125,1.149,0.024,1.0
2019-09-18,1.124,1.1480000000000001,0.024,1.0
2019-09-19,1.136,1.16,0.024,1.0
2019-09-20,1.138,1.162,0.024,1.0
2019-09-23,1.135,1.159,0.024,1.0
2019-09-24,1.135,1.159,0.024,1.0
2019-09-25,1.114,1.1380000000000001,0.024,1.0
2019-09-26,1.09,1.114,0.024,1.0
2019-09-27,1.099,1.123,0.024,1.0
2019-09-30,1.082,1.106,0.024,1.0
2019-10-08,1.085,1.109,0.024,1.0
2019-10-09,1.092,1.116,0.024,1.0
2019-10-10,1.106,1.1300000000000001,0.024,1.0
2019-10-11,1.111,1.135,0.024,1.0
2019-10-14,1.124,1.1480000000000001,0.024,1.0
2019-10-15,1.111,1.135,0.024,1.0
2019-10-16,1.106,1.1300000000000001,0.024,1.0
2019-10-17,1.105,1.129,0.024,1.0
2019-10-18,1.091,1.115,0.024,1.0
2019-10-21,1.088,1.112,0.024,1.0
2019-10-22,1.098,1.122,0.024,1.0
2019-10-23,1.091,1.115,0.024,1.0
2019-10-24,1.091,1.115,0.024,1.0
2019-10-25,1.098,1.122,0.024,1.0
2019-10-28,1.114,1.1380000000000001,0.024,1.0
2019-10-29,1.1,1.124,0.024,1.0
2019-10-30,1.088,1.112,0.024,1.0
2019-10-31,1.082,1.106,0.024,1.0
2019-11-01,1.09,1.114,0.024,1.0
2019-11-04,1.095,1.119,0.024,1.0
2019-11-05,1.106,1.1300000000000001,0.024,1.0
2019-11-06,1.095,1.119,0.024,1.0
2019-11-07,1.102,1.1260000000000001,0.024,1.0
2019-11-08,1.098,1.122,0.024,1.0
2019-11-11,1.076,1.1,0.024,1.0
2019-11-12,1.075,1.099,0.024,1.0
2019-11-13,1.073,1.097,0.024,1.0
2019-11-14,1.081,1.105,0.024,1.0
2019-11-15,1.074,1.098,0.024,1.0
2019-11-18,1.079,1.103,0.024,1.0
2019-11-19,1.099,1.123,0.024,1.0
2019-11-20,1.091,1.115,0.024,1.0
2019-11-21,1.091,1.115,0.024,1.0
2019-11-22,1.082,1.106,0.024,1.0
2019-11-25,1.081,1.105,0.024,1.0
2019-11-26,1.079,1.103,0.024,1.0
2019-11-27,1.079,1.103,0.024,1.0
2019-11-28,1.079,1.103,0.024,1.0
2019-11-29,1.08,1.104,0.024,1.0
2019-12-02,1.083,1.107,0.024,1.0
2019-12-03,1.087,1.111,0.024,1.0
2019-12-04,1.085,1.109,0.024,1.0
2019-12-05,1.095,1.119,0.024,1.0
2019-12-06,1.105,1.129,0.024,1.0
2019-12-09,1.108,1.1320000000000001,0.024,1.0
2019-12-10,1.112,1.1360000000000001,0.024,1.0
2019-12-11,1.109,1.133,0.024,1.0
2019-12-12,1.108,1.1320000000000001,0.024,1.0
2019-12-13,1.121,1.145,0.024,1.0
2019-12-16,1.138,1.162,0.024,1.0
2019-12-17,1.155,1.179,0.024,1.0
2019-12-18,1.156,1.18,0.024,1.0
2019-12-19,1.157,1.181,0.024,1.0
2019-12-20,1.147,1.171,0.024,1.0
2019-12-23,1.124,1.1480000000000001,0.024,1.0
2019-12-24,1.137,1.161,0.024,1.0
2019-12-25,1.143,1.167,0.024,1.0
2019-12-26,1.15,1.174,0.024,1.0
2019-12-27,1.144,1.168,0.024,1.0
2019-12-30,1.16,1.184,0.024,1.0
2019-12-31,1.164,1.188,0.024,1.0
2020-01-02,1.185,1.209,0.024,1.0
2020-01-03,1.185,1.209,0.024,1.0
2020-01-06,1.197,1.221,0.024,1.0
2020-01-07,1.213,1.237,0.024,1.0
2020-01-08,1.198,1.222,0.024,1.0
2020-01-09,1.213,1.237,0.024,1.0
2020-01-10,1.207,1.231,0.024,1.0
2020-01-13,1.227,1.2510000000000001,0.024,1.0
2020-01-14,1.223,1.247,0.024,1.0
2020-01-15,1.219,1.243,0.024,1.0
2020-01-16,1.223,1.247,0.024,1.0
2020-01-17,1.218,1.242,0.024,1.0
2020-01-20,1.234,1.258,0.024,1.0
2020-01-21,1.226,1.25,0.024,1.0
2020-01-22,1.234,1.258,0.024,1.0
2020-01-23,1.214,1.238,0.024,1.0
2020-02-03,1.093,1.117,0.024,1.0
2020-02-04,1.113,1.137,0.024,1.0
2020-02-05,1.134,1.158,0.024,1.0
2020-02-06,1.166,1.19,0.024,1.0
2020-02-07,1.18,1.204,0.024,1.0
2020-02-10,1.188,1.212,0.024,1.0
2020-02-11,1.184,1.208,0.024,1.0
2020-02-12,1.209,1.233,0.024,1.0
2020-02-13,1.2,1.224,0.024,1.0
2020-02-14,1.2,1.224,0.024,1.0
2020-02-17,1.238,1.262,0.024,1.0
2020-02-18,1.253,1.277,0.024,1.0
2020-02-19,1.242,1.266,0.024,1.0
2020-02-20,1.264,1.288,0.024,1.0
2020-02-21,1.285,1.309,0.024,1.0
2020-02-24,1.301,1.325,0.024,1.0
2020-02-25,1.306,1.33,0.024,1.0
2020-02-26,1.283,1.307,0.024,1.0
2020-02-27,1.28,1.304,0.024,1.0
2020-02-28,1.218,1.242,0.024,1.0
2020-03-02,1.257,1.281,0.024,1.0
2020-03-03,1.272,1.296,0.024,1.0
2020-03-04,1.272,1.296,0.024,1.0
2020-03-05,1.289,1.313,0.024,1.0
2020-03-06,1.283,1.307,0.024,1.0
2020-03-09,1.239,1.2630000000000001,0.024,1.0
2020-03-10,1.262,1.286,0.024,1.0
2020-03-11,1.248,1.272,0.024,1.0
2020-03-12,1.225,1.249,0.024,1.0
2020-03-13,1.22,1.244,0.024,1.0
2020-03-16,1.171,1.195,0.024,1.0
2020-03-17,1.158,1.182,0.024,1.0
2020-03-18,1.146,1.17,0.024,1.0
2020-03-19,1.148,1.172,0.024,1.0
2020-03-20,1.162,1.186,0.024,1.0
2020-03-23,1.116,1.1400000000000001,0.024,1.0
2020-03-24,1.129,1.153,0.024,1.0
2020-03-25,1.157,1.181,0.024,1.0
2020-03-26,1.149,1.173,0.024,1.0
2020-03-27,1.145,1.169,0.024,1.0
2020-03-30,1.122,1.1460000000000001,0.024,1.0
2020-03-31,1.121,1.145,0.024,1.0
2020-04-01,1.119,1.143,0.024,1.0
2020-04-02,1.147,1.171,0.024,1.0
2020-04-03,1.137,1.161,0.024,1.0
2020-04-07,1.17,1.194,0.024,1.0
2020-04-08,1.173,1.197,0.024,1.0
2020-04-09,1.183,1.207,0.024,1.0
2020-04-10,1.166,1.19,0.024,1.0
2020-04-13,1.153,1.177,0.024,1.0
2020-04-14,1.177,1.201,0.024,1.0
2020-04-15,1.175,1.199,0.024,1.0
2020-04-16,1.183,1.207,0.024,1.0
2020-04-17,1.184,1.208,0.024,1.0
2020-04-20,1.194,1.218,0.024,1.0
2020-04-21,1.188,1.212,0.024,1.0
2020-04-22,1.2,1.224,0.024,1.0
2020-04-23,1.194,1.218,0.024,1.0
2020-04-24,1.176,1.2,0.024,1.0
2020-04-27,1.174,1.198,0.024,1.0
2020-04-28,1.165,1.189,0.024,1.0
2020-04-29,1.166,1.19,0.024,1.0
2020-04-30,1.195,1.219,0.024,1.0
2020-05-06,1.218,1.242,0.024,1.0
2020-05-07,1.211,1.235,0.024,1.0
2020-05-08,1.227,1.2510000000000001,0.024,1.0
2020-05-11,1.224,1.248,0.024,1.0
2020-05-12,1.228,1.252,0.024,1.0
2020-05-13,1.234,1.258,0.024,1.0
2020-05-14,1.226,1.25,0.024,1.0
2020-05-15,1.23,1.254,0.024,1.0
2020-05-18,1.224,1.248,0.024,1.0
2020-05-19,1.24,1.264,0.024,1.0
2020-05-20,1.227,1.2510000000000001,0.024,1.0
2020-05-21,1.217,1.241,0.024,1.0
2020-05-22,1.198,1.222,0.024,1.0
2020-05-25,1.191,1.215,0.024,1.0
2020-05-26,1.21,1.234,0.024,1.0
2020-05-27,1.205,1.229,0.024,1.0
2020-05-28,1.2,1.224,0.024,1.0
2020-05-29,1.207,1.231,0.024,1.0
2020-06-01,1.25,1.274,0.024,1.0
2020-06-02,1.248,1.272,0.024,1.0
2020-06-03,1.249,1.2730000000000001,0.024,1.0
2020-06-04,1.25,1.274,0.024,1.0
2020-06-05,1.254,1.278,0.024,1.0
2020-06-08,1.251,1.275,0.024,1.0
2020-06-09,1.256,1.28,0.024,1.0
2020-06-10,1.259,1.283,0.024,1.0
2020-06-11,1.256,1.28,0.024,1.0
2020-06-12,1.257,1.281,0.024,1.0
2020-06-15,1.256,1.28,0.024,1.0
2020-06-16,1.278,1.302,0.024,1.0
2020-06-17,1.288,1.312,0.024,1.0
2020-06-18,1.289,1.313,0.024,1.0
2020-06-19,1.301,1.325,0.024,1.0
2020-06-22,1.303,1.327,0.024,1.0
2020-06-23,1.309,1.333,0.024,1.0
2020-06-24,1.31,1.334,0.024,1.0
2020-06-29,1.301,1.325,0.024,1.0
2020-06-30,1.321,1.345,0.024,1.0
2020-07-01,1.328,1.352,0.024,1.0
2020-07-02,1.349,1.373,0.024,1.0
2020-07-03,1.37,1.3940000000000001,0.024,1.0
2020-07-06,1.438,1.462,0.024,1.0
2020-07-07,1.444,1.468,0.024,1.0
2020-07-08,1.483,1.5070000000000001,0.024,1.0
2020-07-09,1.521,1.545,0.024,1.0
2020-07-10,1.519,1.543,0.024,1.0
2020-07-13,1.569,1.593,0.024,1.0
2020-07-14,1.544,1.568,0.024,1.0
2020-07-15,1.515,1.539,0.024,1.0
2020-07-16,1.46,1.484,0.024,1.0
2020-07-17,1.466,1.49,0.024,1.0
2020-07-20,1.506,1.53,0.024,1.0
2020-07-21,1.516,1.54,0.024,1.0
2020-07-22,1.54,1.564,0.024,1.0
2020-07-23,1.535,1.559,0.024,1.0
2020-07-24,1.459,1.483,0.024,1.0
2020-07-27,1.458,1.482,0.024,1.0
2020-07-28,1.47,1.494,0.024,1.0
2020-07-29,1.513,1.537,0.024,1.0
2020-07-30,1.508,1.532,0.024,1.0
2020-07-31,1.526,1.55,0.024,1.0
2020-08-03,1.567,1.591,0.024,1.0
2020-08-04,1.562,1.586,0.024,1.0
2020-08-05,1.572,1.596,0.024,1.0
2020-08-06,1.574,1.598,0.024,1.0
2020-08-07,1.559,1.583,0.024,1.0
2020-08-10,1.567,1.591,0.024,1.0
2020-08-11,1.542,1.566,0.024,1.0
2020-08-12,1.525,1.549,0.024,1.0
2020-08-13,1.528,1.552,0.024,1.0
2020-08-14,1.549,1.573,0.024,1.0
2020-08-17,1.57,1.594,0.024,1.0
2020-08-18,1.581,1.605,0.024,1.0
2020-08-19,1.561,1.585,0.024,1.0
2020-08-20,1.544,1.568,0.024,1.0
2020-08-21,1.555,1.579,0.024,1.0
2020-08-24,1.566,1.59,0.024,1.0
2020-08-25,1.556,1.58,0.024,1.0
2020-08-26,1.53,1.554,0.024,1.0
2020-08-27,1.546,1.57,0.024,1.0
2020-08-28,1.571,1.595,0.024,1.0
2020-08-31,1.566,1.59,0.024,1.0
2020-09-01,1.576,1.6,0.024,1.0
2020-09-02,1.579,1.603,0.024,1.0
2020-09-03,1.566,1.59,0.024,1.0
2020-09-04,1.555,1.579,0.024,1.0
2020-09-07,1.528,1.552,0.024,1.0
2020-09-08,1.536,1.56,0.024,1.0
2020-09-09,1.497,1.5210000000000001,0.024,1.0
2020-09-10,1.475,1.499,0.024,1.0
2020-09-11,1.487,1.5110000000000001,0.024,1.0
2020-09-14,1.495,1.5190000000000001,0.024,1.0
2020-09-15,1.503,1.527,0.024,1.0
2020-09-16,1.497,1.5210000000000001,0.024,1.0
2020-09-17,1.503,1.527,0.024,1.0
2020-09-18,1.529,1.553,0.024,1.0
2020-09-21,1.52,1.544,0.024,1.0
2020-09-22,1.504,1.528,0.024,1.0
2020-09-23,1.51,1.534,0.024,1.0
2020-09-24,1.485,1.5090000000000001,0.024,1.0
2020-09-25,1.477,1.5010000000000001,0.024,1.0
2020-09-28,1.462,1.486,0.024,1.0
2020-09-29,1.473,1.497,0.024,1.0
2020-09-30,1.467,1.491,0.024,1.0
2020-10-09,1.501,1.525,0.024,1.0
2020-10-12,1.547,1.571,0.024,1.0
2020-10-13,1.549,1.573,0.024,1.0
2020-10-14,1.538,1.562,0.024,1.0
2020-10-15,1.529,1.553,0.024,1.0
2020-10-16,1.521,1.545,0.024,1.0
2020-10-19,1.503,1.527,0.024,1.0
2020-10-20,1.518,1.542,0.024,1.0
2020-10-21,1.506,1.53,0.024,1.0
2020-10-22,1.496,1.52,0.024,1.0
2020-10-23,1.48,1.504,0.024,1.0
2020-10-26,1.479,1.5030000000000001,0.024,1.0
2020-10-27,1.474,1.498,0.024,1.0
2020-10-28,1.482,1.506,0.024,1.0
2020-10-29,1.486,1.51,0.024,1.0
2020-10-30,1.457,1.481,0.024,1.0
2020-11-02,1.456,1.48,0.024,1.0
2020-11-03,1.479,1.5030000000000001,0.024,1.0
2020-11-04,1.479,1.5030000000000001,0.024,1.0
2020-11-05,1.507,1.531,0.024,1.0
2020-11-06,1.498,1.522,0.024,1.0
2020-11-09,1.52,1.544,0.024,1.0
2020-11-10,1.51,1.534,0.024,1.0
2020-11-11,1.494,1.518,0.024,1.0
2020-11-12,1.497,1.5210000000000001,0.024,1.0
2020-11-13,1.498,1.522,0.024,1.0
2020-11-16,1.514,1.538,0.024,1.0
2020-11-17,1.504,1.528,0.024,1.0
2020-11-18,1.507,1.531,0.024,1.0
2020-11-19,1.513,1.537,0.024,1.0
2020-11-20,1.526,1.55,0.024,1.0
2020-11-23,1.536,1.56,0.024,1.0
2020-11-24,1.539,1.563,0.024,1.0
2020-11-25,1.523,1.547,0.024,1.0
2020-11-26,1.508,1.532,0.024,1.0
2020-11-27,1.512,1.536,0.024,1.0
2020-11-30,1.506,1.53,0.024,1.0
2020-12-01,1.525,1.549,0.024,1.0
2020-12-02,1.529,1.553,0.024,1.0
2020-12-03,1.534,1.558,0.024,1.0
2020-12-04,1.54,1.564,0.024,1.0
2020-12-07,1.528,1.552,0.024,1.0
2020-12-08,1.528,1.552,0.024,1.0
2020-12-09,1.506,1.53,0.024,1.0
2020-12-10,1.51,1.534,0.024,1.0
2020-12-11,1.487,1.5110000000000001,0.024,1.0
2020-12-14,1.494,1.518,0.024,1.0
2020-12-15,1.495,1.5190000000000001,0.024,1.0
2020-12-16,1.487,1.5110000000000001,0.024,1.0
2020-12-17,1.507,1.531,0.024,1.0
2020-12-18,1.5,1.524,0.024,1.0
2020-12-21,1.52,1.544,0.024,1.0
2020-12-22,1.494,1.518,0.024,1.0
2020-12-23,1.504,1.528,0.024,1.0
2020-12-24,1.487,1.5110000000000001,0.024,1.0
2020-12-25,1.5,1.524,0.024,1.0
2020-12-28,1.491,1.5150000000000001,0.024,1.0
2020-12-29,1.485,1.5090000000000001,0.024,1.0
2020-12-30,1.497,1.5210000000000001,0.024,1.0
2020-12-31,1.521,1.545,0.024,1.0
2021-01-04,1.552,1.576,0.024,1.0
2021-01-05,1.562,1.586,0.024,1.0
2021-01-06,1.562,1.586,0.024,1.0
2021-01-07,1.561,1.585,0.024,1.0
2021-01-08,1.57,1.594,0.024,1.0
2021-01-11,1.544,1.568,0.024,1.0
2021-01-12,1.564,1.588,0.024,1.0
2021-01-13,1.555,1.579,0.024,1.0
2021-01-14,1.545,1.569,0.024,1.0
2021-01-15,1.536,1.56,0.024,1.0
2021-01-18,1.562,1.586,0.024,1.0
2021-01-19,1.55,1.574,0.024,1.0
2021-01-20,1.564,1.588,0.024,1.0
2021-01-21,1.593,1.617,0.024,1.0
2021-01-22,1.591,1.615,0.024,1.0
2021-01-25,1.595,1.619,0.024,1.0
2021-01-26,1.574,1.598,0.024,1.0
2021-01-27,1.571,1.595,0.024,1.0
2021-01-28,1.545,1.569,0.024,1.0
2021-01-29,1.525,1.549,0.024,1.0
2021-02-01,1.533,1.557,0.024,1.0
2021-02-02,1.55,1.574,0.024,1.0
2021-02-03,1.537,1.561,0.024,1.0
2021-02-04,1.521,1.545,0.024,1.0
2021-02-05,1.501,1.525,0.024,1.0
2021-02-08,1.517,1.541,0.024,1.0
2021-02-09,1.549,1.573,0.024,1.0
2021-02-10,1.571,1.595,0.024,1.0
2021-02-18,1.592,1.616,0.024,1.0
2021-02-19,1.611,1.635,0.024,1.0
2021-02-22,1.604,1.6280000000000001,0.024,1.0
2021-02-23,1.589,1.613,0.024,1.0
2021-02-24,1.569,1.593,0.024,1.0
2021-02-25,1.565,1.589,0.024,1.0
2021-02-26,1.534,1.558,0.024,1.0
2021-03-01,1.555,1.579,0.024,1.0
2021-03-02,1.55,1.574,0.024,1.0
2021-03-03,1.57,1.594,0.024,1.0
2021-03-04,1.543,1.567,0.024,1.0
2021-03-05,1.548,1.572,0.024,1.0
2021-03-08,1.511,1.535,0.024,1.0
2021-03-09,1.479,1.5030000000000001,0.024,1.0
2021-03-10,1.467,1.491,0.024,1.0
2021-03-11,1.495,1.5190000000000001,0.024,1.0
2021-03-12,1.499,1.5230000000000001,0.024,1.0
2021-03-15,1.495,1.5190000000000001,0.024,1.0
2021-03-16,1.494,1.518,0.024,1.0
2021-03-17,1.498,1.522,0.024,1.0
2021-03-18,1.512,1.536,0.024,1.0
2021-03-19,1.498,1.522,0.024,1.0
2021-03-22,1.516,1.54,0.024,1.0
2021-03-23,1.502,1.526,0.024,1.0
2021-03-24,1.483,1.5070000000000001,0.024,1.0
2021-03-25,1.49,1.514,0.024,1.0
2021-03-26,1.505,1.529,0.024,1.0
2021-03-29,1.51,1.534,0.024,1.0
2021-03-30,1.511,1.535,0.024,1.0
2021-03-31,1.509,1.533,0.024,1.0
2021-04-01,1.523,1.547,0.024,1.0
2021-04-02,1.527,1.551,0.024,1.0
2021-04-06,1.531,1.555,0.024,1.0
2021-04-07,1.528,1.552,0.024,1.0
2021-04-08,1.536,1.56,0.024,1.0
2021-04-09,1.534,1.558,0.024,1.0
2021-04-12,1.513,1.537,0.024,1.0
2021-04-13,1.505,1.529,0.024,1.0
2021-04-14,1.518,1.542,0.024,1.0
2021-04-15,1.516,1.54,0.024,1.0
2021-04-16,1.536,1.56,0.024,1.0
2021-04-19,1.553,1.577,0.024,1.0
2021-04-20,1.558,1.582,0.024,1.0
2021-04-21,1.555,1.579,0.024,1.0
2021-04-22,1.56,1.584,0.024,1.0
2021-04-23,1.567,1.591,0.024,1.0
2021-04-26,1.565,1.589,0.024,1.0
2021-04-27,1.56,1.584,0.024,1.0
2021-04-28,1.575,1.599,0.024,1.0
2021-04-29,1.577,1.601,0.024,1.0
2021-04-30,1.576,1.6,0.024,1.0
2021-05-06,1.575,1.599,0.024,1.0
2021-05-07,1.569,1.593,0.024,1.0
2021-05-10,1.57,1.594,0.024,1.0
2021-05-11,1.565,1.589,0.024,1.0
2021-05-12,1.583,1.607,0.024,1.0
2021-05-13,1.568,1.592,0.024,1.0
2021-05-14,1.587,1.611,0.024,1.0
2021-05-17,1.598,1.622,0.024,1.0
2021-05-18,1.604,1.6280000000000001,0.024,1.0
2021-05-19,1.6,1.624,0.024,1.0
2021-05-20,1.592,1.616,0.024,1.0
2021-05-21,1.594,1.618,0.024,1.0
2021-05-24,1.595,1.619,0.024,1.0
2021-05-25,1.616,1.6400000000000001,0.024,1.0
2021-05-26,1.619,1.643,0.024,1.0
2021-05-27,1.632,1.656,0.024,1.0
2021-05-28,1.627,1.651,0.024,1.0
2021-05-31,1.643,1.667,0.024,1.0
2021-06-01,1.643,1.667,0.024,1.0
2021-06-02,1.634,1.658,0.024,1.0
2021-06-03,1.632,1.656,0.024,1.0
2021-06-04,1.642,1.666,0.024,1.0
2021-06-07,1.645,1.669,0.024,1.0
2021-06-08,1.641,1.665,0.024,1.0
2021-06-09,1.645,1.669,0.024,1.0
2021-06-10,1.662,1.686,0.024,1.0
2021-06-11,1.656,1.68,0.024,1.0
2021-06-15,1.638,1.662,0.024,1.0
2021-06-16,1.614,1.6380000000000001,0.024,1.0
2021-06-17,1.628,1.652,0.024,1.0
2021-06-18,1.642,1.666,0.024,1.0
2021-06-21,1.651,1.675,0.024,1.0
2021-06-22,1.658,1.682,0.024,1.0
2021-06-23,1.675,1.699,0.024,1.0
2021-06-24,1.671,1.695,0.024,1.0
2021-06-25,1.681,1.705,0.024,1.0
2021-06-28,1.685,1.709,0.024,1.0
2021-06-29,1.675,1.699,0.024,1.0
2021-06-30,1.681,1.705,0.024,1.0
2021-07-01,1.664,1.688,0.024,1.0
2021-07-02,1.651,1.675,0.024,1.0
2021-07-05,1.661,1.685,0.024,1.0
2021-07-06,1.661,1.685,0.024,1.0
2021-07-07,1.672,1.696,0.024,1.0
2021-07-08,1.677,1.701,0.024,1.0
2021-07-09,1.687,1.711,0.024,1.0
2021-07-12,1.715,1.739,0.024,1.0
2021-07-13,1.732,1.756,0.024,1.0
2021-07-14,1.719,1.743,0.024,1.0
2021-07-15,1.722,1.746,0.024,1.0
2021-07-16,1.725,1.749,0.024,1.0
2021-07-19,1.721,1.745,0.024,1.0
2021-07-20,1.72,1.744,0.024,1.0
2021-07-21,1.74,1.764,0.024,1.0
2021-07-22,1.752,1.776,0.024,1.0
2021-07-23,1.757,1.781,0.024,1.0
2021-07-26,1.717,1.741,0.024,1.0
2021-07-27,1.688,1.712,0.024,1.0
2021-07-28,1.662,1.686,0.024,1.0
2021-07-29,1.689,1.713,0.024,1.0
2021-07-30,1.695,1.719,0.024,1.0
2021-08-02,1.716,1.74,0.024,1.0
2021-08-03,1.705,1.729,0.024,1.0
2021-08-04,1.73,1.754,0.024,1.0
2021-08-05,1.729,1.7530000000000001,0.024,1.0
2021-08-06,1.737,1.7610000000000001,0.024,1.0
2021-08-09,1.744,1.768,0.024,1.0
2021-08-10,1.758,1.782,0.024,1.0
2021-08-11,1.774,1.798,0.024,1.0
2021-08-12,1.788,1.812,0.024,1.0
2021-08-13,1.789,1.813,0.024,1.0
2021-08-16,1.77,1.794,0.024,1.0
2021-08-17,1.73,1.754,0.024,1.0
2021-08-18,1.742,1.766,0.024,1.0
2021-08-19,1.75,1.774,0.024,1.0
2021-08-20,1.749,1.7730000000000001,0.024,1.0
2021-08-23,1.761,1.785,0.024,1.0
2021-08-24,1.783,1.807,0.024,1.0
2021-08-25,1.8,1.824,0.024,1.0
2021-08-26,1.792,1.816,0.024,1.0
2021-08-27,1.809,1.833,0.024,1.0
2021-08-30,1.818,1.842,0.024,1.0
2021-08-31,1.832,1.856,0.024,1.0
2021-09-01,1.816,1.84,0.024,1.0
2021-09-02,1.843,1.867,0.024,1.0
2021-09-03,1.835,1.859,0.024,1.0
2021-09-06,1.849,1.873,0.024,1.0
2021-09-07,1.887,1.911,0.024,1.0
2021-09-08,1.9,1.924,0.024,1.0
2021-09-09,1.925,1.949,0.024,1.0
2021-09-10,1.918,1.942,0.024,1.0
2021-09-13,1.923,1.947,0.024,1.0
2021-09-14,1.908,1.932,0.024,1.0
2021-09-15,1.911,1.935,0.024,1.0
2021-09-16,1.881,1.905,0.024,1.0
2021-09-17,1.87,1.8940000000000001,0.024,1.0
2021-09-22,1.879,1.903,0.024,1.0
2021-09-23,1.89,1.914,0.024,1.0
2021-09-24,1.863,1.887,0.024,1.0
2021-09-27,1.808,1.832,0.024,1.0
2021-09-28,1.812,1.836,0.024,1.0
2021-09-29,1.781,1.805,0.024,1.0
2021-09-30,1.79,1.814,0.024,1.0
2021-10-08,1.789,1.813,0.024,1.0
2021-10-11,1.79,1.814,0.024,1.0
2021-10-12,1.755,1.779,0.024,1.0
2021-10-13,1.759,1.783,0.024,1.0
2021-10-14,1.768,1.792,0.024,1.0
2021-10-15,1.775,1.799,0.024,1.0
2021-10-18,1.781,1.805,0.024,1.0
2021-10-19,1.797,1.821,0.024,1.0
2021-10-20,1.797,1.821,0.024,1.0
2021-10-21,1.793,1.817,0.024,1.0
2021-10-22,1.775,1.799,0.024,1.0
2021-10-25,1.793,1.817,0.024,1.0
2021-10-26,1.793,1.817,0.024,1.0
2021-10-27,1.779,1.803,0.024,1.0
2021-10-28,1.759,1.783,0.024,1.0
2021-10-29,1.775,1.799,0.024,1.0
2021-11-01,1.785,1.809,0.024,1.0
2021-11-02,1.764,1.788,0.024,1.0
2021-11-03,1.773,1.797,0.024,1.0
2021-11-04,1.787,1.811,0.024,1.0
2021-11-05,1.767,1.791,0.024,1.0
2021-11-08,1.775,1.799,0.024,1.0
2021-11-09,1.79,1.814,0.024,1.0
2021-11-10,1.786,1.81,0.024,1.0
2021-11-11,1.8,1.824,0.024,1.0
2021-11-12,1.81,1.834,0.024,1.0
2021-11-15,1.796,1.82,0.024,1.0
2021-11-16,1.787,1.811,0.024,1.0
2021-11-17,1.798,1.822,0.024,1.0
2021-11-18,1.797,1.821,0.024,1.0
2021-11-19,1.819,1.843,0.024,1.0
2021-11-22,1.838,1.862,0.024,1.0
2021-11-23,1.839,1.863,0.024,1.0
2021-11-24,1.84,1.864,0.024,1.0
2021-11-25,1.838,1.862,0.024,1.0
2021-11-26,1.834,1.858,0.024,1.0
2021-11-29,1.833,1.857,0.024,1.0
2021-11-30,1.842,1.866,0.024,1.0
2021-12-01,1.85,1.874,0.024,1.0
2021-12-02,1.837,1.861,0.024,1.0
2021-12-03,1.854,1.8780000000000001,0.024,1.0
2021-12-06,1.843,1.867,0.024,1.0
2021-12-07,1.831,1.855,0.024,1.0
2021-12-08,1.852,1.8760000000000001,0.024,1.0
2021-12-09,1.86,1.8840000000000001,0.024,1.0
2021-12-10,1.857,1.881,0.024,1.0
2021-12-13,1.865,1.889,0.024,1.0
2021-12-14,1.857,1.881,0.024,1.0
2021-12-15,1.856,1.8800000000000001,0.024,1.0
2021-12-16,1.874,1.8980000000000001,0.024,1.0
2021-12-17,1.862,1.8860000000000001,0.024,1.0
2021-12-20,1.837,1.861,0.024,1.0
2021-12-21,1.85,1.874,0.024,1.0
2021-12-22,1.857,1.881,0.024,1.0
2021-12-23,1.864,1.8880000000000001,0.024,1.0
2021-12-24,1.855,1.879,0.024,1.0
2021-12-27,1.853,1.877,0.024,1.0
2021-12-28,1.855,1.879,0.024,1.0
2021-12-29,1.848,1.872,0.024,1.0
2021-12-30,1.859,1.883,0.024,1.0
2021-12-31,1.876,1.9,0.024,1.0
2022-01-04,1.872,1.8960000000000001,0.024,1.0
2022-01-05,1.845,1.869,0.024,1.0
2022-01-06,1.839,1.863,0.024,1.0
2022-01-07,1.829,1.853,0.024,1.0
2022-01-10,1.83,1.854,0.024,1.0
2022-01-11,1.817,1.841,0.024,1.0
2022-01-12,1.83,1.854,0.024,1.0
2022-01-13,1.813,1.837,0.024,1.0
2022-01-14,1.805,1.829,0.024,1.0
2022-01-17,1.821,1.845,0.024,1.0
2022-01-18,1.824,1.848,0.024,1.0
2022-01-19,1.815,1.839,0.024,1.0
2022-01-20,1.803,1.827,0.024,1.0
2022-01-21,1.783,1.807,0.024,1.0
2022-01-24,1.779,1.803,0.024,1.0
2022-01-25,1.75,1.774,0.024,1.0
2022-01-26,1.729,1.7530000000000001,0.024,1.0
2022-01-27,1.691,1.715,0.024,1.0
2022-01-28,1.695,1.719,0.024,1.0
2022-02-07,1.704,1.728,0.024,1.0
2022-02-08,1.724,1.748,0.024,1.0
2022-02-09,1.745,1.7690000000000001,0.024,1.0
2022-02-10,1.743,1.7670000000000001,0.024,1.0
2022-02-11,1.726,1.75,0.024,1.0
2022-02-14,1.71,1.734,0.024,1.0
2022-02-15,1.723,1.747,0.024,1.0
2022-02-16,1.727,1.7510000000000001,0.024,1.0
2022-02-17,1.727,1.7510000000000001,0.024,1.0
2022-02-18,1.742,1.766,0.024,1.0
2022-02-21,1.748,1.772,0.024,1.0
2022-02-22,1.732,1.756,0.024,1.0
2022-02-23,1.754,1.778,0.024,1.0
2022-02-24,1.73,1.754,0.024,1.0
2022-02-25,1.742,1.766,0.024,1.0
2022-02-28,1.747,1.7710000000000001,0.024,1.0
2022-03-01,1.752,1.776,0.024,1.0
2022-03-02,1.755,1.779,0.024,1.0
2022-03-03,1.751,1.775,0.024,1.0
2022-03-04,1.739,1.7630000000000001,0.024,1.0
2022-03-07,1.708,1.732,0.024,1.0
2022-03-08,1.647,1.671,0.024,1.0
2022-03-09,1.613,1.637,0.024,1.0
2022-03-10,1.637,1.661,0.024,1.0
2022-03-11,1.654,1.678,0.024,1.0
2022-03-14,1.62,1.6440000000000001,0.024,1.0
2022-03-15,1.544,1.568,0.024,1.0
2022-03-16,1.569,1.593,0.024,1.0
2022-03-17,1.597,1.621,0.024,1.0
2022-03-18,1.612,1.6360000000000001,0.024,1.0
2022-03-21,1.621,1.645,0.024,1.0
2022-03-22,1.621,1.645,0.024,1.0
2022-03-23,1.635,1.659,0.024,1.0
2022-03-24,1.618,1.6420000000000001,0.024,1.0
2022-03-25,1.602,1.6260000000000001,0.024,1.0
2022-03-28,1.61,1.6340000000000001,0.024,1.0
2022-03-29,1.596,1.62,0.024,1.0
2022-03-30,1.627,1.651,0.024,1.0
2022-03-31,1.618,1.6420000000000001,0.024,1.0
2022-04-01,1.628,1.652,0.024,1.0
2022-04-06,1.623,1.647,0.024,1.0
2022-04-07,1.592,1.616,0.024,1.0
2022-04-08,1.594,1.618,0.024,1.0
2022-04-11,1.546,1.57,0.024,1.0
2022-04-12,1.568,1.592,0.024,1.0
2022-04-13,1.549,1.573,0.024,1.0
2022-04-14,1.562,1.586,0.024,1.0
2022-04-15,1.552,1.576,0.024,1.0
2022-04-18,1.553,1.577,0.024,1.0
2022-04-19,1.556,1.58,0.024,1.0
2022-04-20,1.524,1.548,0.024,1.0
2022-04-21,1.471,1.495,0.024,1.0
2022-04-22,1.465,1.489,0.024,1.0
2022-04-25,1.391,1.415,0.024,1.0
2022-04-26,1.353,1.377,0.024,1.0
2022-04-27,1.387,1.411,0.024,1.0
2022-04-28,1.383,1.407,0.024,1.0
2022-04-29,1.436,1.46,0.024,1.0
2022-05-05,1.452,1.476,0.024,1.0
2022-05-06,1.42,1.444,0.024,1.0
2022-05-09,1.432,1.456,0.024,1.0
2022-05-10,1.459,1.483,0.024,1.0
2022-05-11,1.466,1.49,0.024,1.0
2022-05-12,1.469,1.493,0.024,1.0
2022-05-13,1.486,1.51,0.024,1.0
2022-05-16,1.48,1.504,0.024,1.0
2022-05-17,1.489,1.5130000000000001,0.024,1.0
2022-05-18,1.484,1.508,0.024,1.0
2022-05-19,1.494,1.518,0.024,1.0
2022-05-20,1.519,1.543,0.024,1.0
2022-05-23,1.525,1.549,0.024,1.0
2022-05-24,1.477,1.5010000000000001,0.024,1.0
2022-05-25,1.494,1.518,0.024,1.0
2022-05-26,1.511,1.535,0.024,1.0
2022-05-27,1.519,1.543,0.024,1.0
2022-05-30,1.523,1.547,0.024,1.0
2022-05-31,1.545,1.569,0.024,1.0
2022-06-01,1.545,1.569,0.024,1.0
2022-06-02,1.564,1.588,0.024,1.0
2022-06-06,1.59,1.614,0.024,1.0
2022-06-07,1.591,1.615,0.024,1.0
2022-06-08,1.598,1.622,0.024,1.0
2022-06-09,1.582,1.606,0.024,1.0
2022-06-10,1.608,1.6320000000000001,0.024,1.0
2022-06-13,1.609,1.633,0.024,1.0
2022-06-14,1.617,1.641,0.024,1.0
2022-06-15,1.613,1.637,0.024,1.0
2022-06-16,1.616,1.6400000000000001,0.024,1.0
2022-06-17,1.628,1.652,0.024,1.0
2022-06-20,1.637,1.661,0.024,1.0
2022-06-21,1.625,1.649,0.024,1.0
2022-06-22,1.6,1.624,0.024,1.0
2022-06-23,1.628,1.652,0.024,1.0
2022-06-24,1.65,1.674,0.024,1.0
2022-06-27,1.659,1.683,0.024,1.0
2022-06-28,1.684,1.708,0.024,1.0
2022-06-29,1.66,1.684,0.024,1.0
2022-06-30,1.672,1.696,0.024,1.0
2022-07-01,1.671,1.695,0.024,1.0
2022-07-04,1.691,1.715,0.024,1.0
2022-07-05,1.69,1.714,0.024,1.0
2022-07-06,1.669,1.693,0.024,1.0
2022-07-07,1.675,1.699,0.024,1.0
2022-07-08,1.665,1.689,0.024,1.0
2022-07-11,1.645,1.669,0.024,1.0
2022-07-12,1.623,1.647,0.024,1.0
2022-07-13,1.629,1.653,0.024,1.0
2022-07-14,1.642,1.666,0.024,1.0
2022-07-15,1.618,1.6420000000000001,0.024,1.0
2022-07-18,1.643,1.667,0.024,1.0
2022-07-19,1.653,1.677,0.024,1.0
2022-07-20,1.668,1.692,0.024,1.0
2022-07-21,1.66,1.684,0.024,1.0
2022-07-22,1.644,1.668,0.024,1.0
2022-07-25,1.624,1.6480000000000001,0.024,1.0
2022-07-26,1.648,1.672,0.024,1.0
2022-07-27,1.653,1.677,0.024,1.0
2022-07-28,1.657,1.681,0.024,1.0
2022-07-29,1.641,1.665,0.024,1.0
2022-08-01,1.656,1.68,0.024,1.0
2022-08-02,1.624,1.6480000000000001,0.024,1.0
2022-08-03,1.605,1.629,0.024,1.0
2022-08-04,1.609,1.633,0.024,1.0
2022-08-05,1.637,1.661,0.024,1.0
2022-08-08,1.651,1.675,0.024,1.0
2022-08-09,1.66,1.684,0.024,1.0
2022-08-10,1.655,1.679,0.024,1.0
2022-08-11,1.683,1.707,0.024,1.0
2022-08-12,1.683,1.707,0.024,1.0
2022-08-15,1.684,1.708,0.024,1.0
2022-08-16,1.691,1.715,0.024,1.0
2022-08-17,1.7,1.724,0.024,1.0
2022-08-18,1.695,1.719,0.024,1.0
2022-08-19,1.679,1.703,0.024,1.0
2022-08-22,1.689,1.713,0.024,1.0
2022-08-23,1.698,1.722,0.024,1.0
2022-08-24,1.653,1.677,0.024,1.0
2022-08-25,1.659,1.683,0.024,1.0
2022-08-26,1.656,1.68,0.024,1.0
2022-08-29,1.654,1.678,0.024,1.0
2022-08-30,1.65,1.674,0.024,1.0
2022-08-31,1.617,1.641,0.024,1.0
2022-09-01,1.61,1.6340000000000001,0.024,1.0
2022-09-02,1.613,1.637,0.024,1.0
2022-09-05,1.619,1.643,0.024,1.0
2022-09-06,1.647,1.671,0.024,1.0
2022-09-07,1.652,1.676,0.024,1.0
2022-09-08,1.645,1.669,0.024,1.0
2022-09-09,1.656,1.68,0.024,1.0
2022-09-13,1.65,1.674,0.024,1.0
2022-09-14,1.639,1.663,0.024,1.0
2022-09-15,1.606,1.6300000000000001,0.024,1.0
2022-09-16,1.572,1.596,0.024,1.0
2022-09-19,1.552,1.576,0.024,1.0
2022-09-20,1.561,1.585,0.024,1.0
2022-09-21,1.57,1.594,0.024,1.0
2022-09-22,1.566,1.59,0.024,1.0
2022-09-23,1.553,1.577,0.024,1.0
2022-09-26,1.53,1.554,0.024,1.0
2022-09-27,1.553,1.577,0.024,1.0
2022-09-28,1.519,1.543,0.024,1.0
2022-09-29,1.525,1.549,0.024,1.0
2022-09-30,1.504,1.528,0.024,1.0
2022-10-10,1.487,1.5110000000000001,0.024,1.0
2022-10-11,1.495,1.5190000000000001,0.024,1.0
2022-10-12,1.528,1.552,0.024,1.0
2022-10-13,1.534,1.558,0.024,1.0
2022-10-14,1.567,1.591,0.024,1.0
2022-10-17,1.579,1.603,0.024,1.0
2022-10-18,1.583,1.607,0.024,1.0
2022-10-19,1.571,1.595,0.024,1.0
2022-10-20,1.567,1.591,0.024,1.0
2022-10-21,1.567,1.591,0.024,1.0
2022-10-24,1.563,1.587,0.024,1.0
2022-10-25,1.546,1.57,0.024,1.0
2022-10-26,1.566,1.59,0.024,1.0
2022-10-27,1.571,1.595,0.024,1.0
2022-10-28,1.551,1.575,0.024,1.0
2022-10-31,1.529,1.553,0.024,1.0
2022-11-01,1.565,1.589,0.024,1.0
2022-11-02,1.58,1.604,0.024,1.0
2022-11-03,1.578,1.602,0.024,1.0
2022-11-04,1.614,1.6380000000000001,0.024,1.0
2022-11-07,1.615,1.639,0.024,1.0
2022-11-08,1.615,1.639,0.024,1.0
2022-11-09,1.611,1.635,0.024,1.0
2022-11-10,1.604,1.6280000000000001,0.024,1.0
2022-11-11,1.617,1.641,0.024,1.0
2022-11-14,1.611,1.635,0.024,1.0
2022-11-15,1.639,1.663,0.024,1.0
2022-11-16,1.634,1.658,0.024,1.0
2022-11-17,1.634,1.658,0.024,1.0
2022-11-18,1.632,1.656,0.024,1.0
2022-11-21,1.63,1.654,0.024,1.0
2022-11-22,1.613,1.637,0.024,1.0
2022-11-23,1.611,1.635,0.024,1.0
2022-11-24,1.612,1.6360000000000001,0.024,1.0
2022-11-25,1.602,1.6260000000000001,0.024,1.0
2022-11-28,1.598,1.622,0.024,1.0
2022-11-29,1.621,1.645,0.024,1.0
2022-11-30,1.616,1.6400000000000001,0.024,1.0
2022-12-01,1.628,1.652,0.024,1.0
2022-12-02,1.624,1.6480000000000001,0.024,1.0
2022-12-05,1.635,1.659,0.024,1.0
2022-12-06,1.635,1.659,0.024,1.0
2022-12-07,1.634,1.658,0.024,1.0
2022-12-08,1.627,1.651,0.024,1.0
2022-12-09,1.632,1.656,0.024,1.0
2022-12-12,1.622,1.6460000000000001,0.024,1.0
2022-12-13,1.616,1.6400000000000001,0.024,1.0
2022-12-14,1.612,1.6360000000000001,0.024,1.0
2022-12-15,1.61,1.6340000000000001,0.024,1.0
2022-12-16,1.606,1.6300000000000001,0.024,1.0
2022-12-19,1.574,1.598,0.024,1.0
2022-12-20,1.555,1.579,0.024,1.0
2022-12-21,1.549,1.573,0.024,1.0
2022-12-22,1.533,1.557,0.024,1.0
2022-12-23,1.526,1.55,0.024,1.0
2022-12-26,1.542,1.566,0.024,1.0
2022-12-27,1.552,1.576,0.024,1.0
2022-12-28,1.55,1.574,0.024,1.0
2022-12-29,1.549,1.573,0.024,1.0
2022-12-30,1.55,1.574,0.024,1.0
2023-01-03,1.573,1.597,0.024,1.0
2023-01-04,1.571,1.595,0.024,1.0
2023-01-05,1.589,1.613,0.024,1.0
2023-01-06,1.588,1.612,0.024,1.0
2023-01-09,1.593,1.617,0.024,1.0
2023-01-10,1.596,1.62,0.024,1.0
2023-01-11,1.591,1.615,0.024,1.0
2023-01-12,1.59,1.614,0.024,1.0
2023-01-13,1.604,1.6280000000000001,0.024,1.0
2023-01-16,1.617,1.641,0.024,1.0
2023-01-17,1.62,1.6440000000000001,0.024,1.0
2023-01-18,1.624,1.6480000000000001,0.024,1.0
2023-01-19,1.639,1.663,0.024,1.0
2023-01-20,1.653,1.677,0.024,1.0
2023-01-30,1.657,1.681,0.024,1.0
2023-01-31,1.661,1.685,0.024,1.0
2023-02-01,1.678,1.702,0.024,1.0
2023-02-02,1.685,1.709,0.024,1.0
2023-02-03,1.676,1.7,0.024,1.0
2023-02-06,1.668,1.692,0.024,1.0
2023-02-07,1.671,1.695,0.024,1.0
2023-02-08,1.66,1.684,0.024,1.0
2023-02-09,1.68,1.704,0.024,1.0
2023-02-10,1.68,1.704,0.024,1.0
2023-02-13,1.69,1.714,0.024,1.0
2023-02-14,1.693,1.717,0.024,1.0
2023-02-15,1.693,1.717,0.024,1.0
2023-02-16,1.668,1.692,0.024,1.0
2023-02-17,1.653,1.677,0.024,1.0
2023-02-20,1.676,1.7,0.024,1.0
2023-02-21,1.689,1.713,0.024,1.0
2023-02-22,1.688,1.712,0.024,1.0
2023-02-23,1.685,1.709,0.024,1.0
2023-02-24,1.683,1.707,0.024,1.0
2023-02-27,1.671,1.695,0.024,1.0
2023-02-28,1.684,1.708,0.024,1.0
2023-03-01,1.692,1.716,0.024,1.0
2023-03-02,1.693,1.717,0.024,1.0
2023-03-03,1.693,1.717,0.024,1.0
2023-03-06,1.693,1.717,0.024,1.0
2023-03-07,1.668,1.692,0.024,1.0
2023-03-08,1.67,1.694,0.024,1.0
2023-03-09,1.668,1.692,0.024,1.0
2023-03-10,1.649,1.673,0.024,1.0
2023-03-13,1.657,1.681,0.024,1.0
2023-03-14,1.645,1.669,0.024,1.0
2023-03-15,1.651,1.675,0.024,1.0
2023-03-16,1.63,1.654,0.024,1.0
2023-03-17,1.642,1.666,0.024,1.0
2023-03-20,1.638,1.662,0.024,1.0
2023-03-21,1.651,1.675,0.024,1.0
2023-03-22,1.661,1.685,0.024,1.0
2023-03-23,1.67,1.694,0.024,1.0
2023-03-24,1.671,1.695,0.024,1.0
2023-03-27,1.671,1.695,0.024,1.0
2023-03-28,1.669,1.693,0.024,1.0
2023-03-29,1.661,1.685,0.024,1.0
2023-03-30,1.67,1.694,0.024,1.0
2023-03-31,1.68,1.704,0.024,1.0
2023-04-03,1.699,1.723,0.024,1.0
2023-04-04,1.7,1.724,0.024,1.0
2023-04-06,1.698,1.722,0.024,1.0
2023-04-07,1.709,1.733,0.024,1.0
2023-04-10,1.703,1.727,0.024,1.0
2023-04-11,1.703,1.727,0.024,1.0
2023-04-12,1.709,1.733,0.024,1.0
2023-04-13,1.702,1.726,0.024,1.0
2023-04-14,1.706,1.73,0.024,1.0
2023-04-17,1.714,1.738,0.024,1.0
2023-04-18,1.709,1.733,0.024,1.0
2023-04-19,1.703,1.727,0.024,1.0
2023-04-20,1.703,1.727,0.024,1.0
2023-04-21,1.671,1.695,0.024,1.0
2023-04-24,1.653,1.677,0.024,1.0
2023-04-25,1.629,1.653,0.024,1.0
2023-04-26,1.634,1.658,0.024,1.0
2023-04-27,1.639,1.663,0.024,1.0
2023-04-28,1.661,1.685,0.024,1.0
2023-05-04,1.663,1.687,0.024,1.0
2023-05-05,1.649,1.673,0.024,1.0
2023-05-08,1.661,1.685,0.024,1.0
2023-05-09,1.647,1.671,0.024,1.0
2023-05-10,1.643,1.667,0.024,1.0
2023-05-11,1.637,1.661,0.024,1.0
2023-05-12,1.622,1.6460000000000001,0.024,1.0
2023-05-15,1.638,1.662,0.024,1.0
2023-05-16,1.629,1.653,0.024,1.0
2023-05-17,1.629,1.653,0.024,1.0
2023-05-18,1.631,1.655,0.024,1.0
2023-05-19,1.631,1.655,0.024,1.0
2023-05-22,1.632,1.656,0.024,1.0
2023-05-23,1.617,1.641,0.024,1.0
2023-05-24,1.604,1.6280000000000001,0.024,1.0
2023-05-25,1.6,1.624,0.024,1.0
2023-05-26,1.61,1.6340000000000001,0.024,1.0
2023-05-29,1.611,1.635,0.024,1.0
2023-05-30,1.618,1.6420000000000001,0.024,1.0
2023-05-31,1.616,1.6400000000000001,0.024,1.0
2023-06-01,1.62,1.6440000000000001,0.024,1.0
2023-06-02,1.633,1.657,0.024,1.0
2023-06-05,1.63,1.654,0.024,1.0
2023-06-06,1.604,1.6280000000000001,0.024,1.0
2023-06-07,1.605,1.629,0.024,1.0
2023-06-08,1.599,1.623,0.024,1.0
2023-06-09,1.611,1.635,0.024,1.0
2023-06-12,1.615,1.639,0.024,1.0
2023-06-13,1.622,1.6460000000000001,0.024,1.0
2023-06-14,1.622,1.6460000000000001,0.024,1.0
2023-06-15,1.637,1.661,0.024,1.0
2023-06-16,1.651,1.675,0.024,1.0
2023-06-19,1.65,1.674,0.024,1.0
2023-06-20,1.647,1.671,0.024,1.0
2023-06-21,1.617,1.641,0.024,1.0
2023-06-26,1.592,1.616,0.024,1.0
2023-06-27,1.601,1.625,0.024,1.0
2023-06-28,1.604,1.6280000000000001,0.024,1.0
2023-06-29,1.602,1.6260000000000001,0.024,1.0
2023-06-30,1.618,1.6420000000000001,0.024,1.0
2023-07-03,1.629,1.653,0.024,1.0
2023-07-04,1.631,1.655,0.024,1.0
2023-07-05,1.625,1.649,0.024,1.0
2023-07-06,1.616,1.6400000000000001,0.024,1.0
2023-07-07,1.614,1.6380000000000001,0.024,1.0
2023-07-10,1.62,1.6440000000000001,0.024,1.0
2023-07-11,1.628,1.652,0.024,1.0
2023-07-12,1.616,1.6400000000000001,0.024,1.0
2023-07-13,1.635,1.659,0.024,1.0
2023-07-14,1.633,1.657,0.024,1.0
2023-07-17,1.627,1.651,0.024,1.0
2023-07-18,1.63,1.654,0.024,1.0
2023-07-19,1.625,1.649,0.024,1.0
2023-07-20,1.614,1.6380000000000001,0.024,1.0
2023-07-21,1.61,1.6340000000000001,0.024,1.0
2023-07-24,1.606,1.6300000000000001,0.024,1.0
2023-07-25,1.628,1.652,0.024,1.0
2023-07-26,1.627,1.651,0.024,1.0
2023-07-27,1.619,1.643,0.024,1.0
2023-07-28,1.638,1.662,0.024,1.0
2023-07-31,1.648,1.672,0.024,1.0
2023-08-01,1.652,1.676,0.024,1.0
2023-08-02,1.645,1.669,0.024,1.0
2023-08-03,1.652,1.676,0.024,1.0
2023-08-04,1.66,1.684,0.024,1.0
2023-08-07,1.654,1.678,0.024,1.0
2023-08-08,1.648,1.672,0.024,1.0
2023-08-09,1.635,1.659,0.024,1.0
2023-08-10,1.634,1.658,0.024,1.0
2023-08-11,1.61,1.6340000000000001,0.024,1.0
2023-08-14,1.61,1.6340000000000001,0.024,1.0
2023-08-15,1.607,1.631,0.024,1.0
2023-08-16,1.594,1.618,0.024,1.0
2023-08-17,1.597,1.621,0.024,1.0
2023-08-18,1.573,1.597,0.024,1.0
2023-08-21,1.557,1.581,0.024,1.0
2023-08-22,1.562,1.586,0.024,1.0
2023-08-23,1.536,1.56,0.024,1.0
2023-08-24,1.54,1.564,0.024,1.0
2023-08-25,1.521,1.545,0.024,1.0
2023-08-28,1.538,1.562,0.024,1.0
2023-08-29,1.569,1.593,0.024,1.0
2023-08-30,1.571,1.595,0.024,1.0
2023-08-31,1.564,1.588,0.024,1.0
2023-09-01,1.563,1.587,0.024,1.0
2023-09-04,1.585,1.609,0.024,1.0
2023-09-05,1.578,1.602,0.024,1.0
2023-09-06,1.574,1.598,0.024,1.0
2023-09-07,1.561,1.585,0.024,1.0
2023-09-08,1.558,1.582,0.024,1.0
2023-09-11,1.574,1.598,0.024,1.0
2023-09-12,1.575,1.599,0.024,1.0
2023-09-13,1.562,1.586,0.024,1.0
2023-09-14,1.558,1.582,0.024,1.0
2023-09-15,1.56,1.584,0.024,1.0
2023-09-18,1.559,1.583,0.024,1.0
2023-09-19,1.555,1.579,0.024,1.0
2023-09-20,1.545,1.569,0.024,1.0
2023-09-21,1.534,1.558,0.024,1.0
2023-09-22,1.555,1.579,0.024,1.0
2023-09-25,1.548,1.572,0.024,1.0
2023-09-26,1.544,1.568,0.024,1.0
2023-09-27,1.549,1.573,0.024,1.0
2023-09-28,1.554,1.578,0.024,1.0
2023-10-09,1.544,1.568,0.024,1.0
2023-10-10,1.538,1.562,0.024,1.0
2023-10-11,1.539,1.563,0.024,1.0
2023-10-12,1.545,1.569,0.024,1.0
2023-10-13,1.539,1.563,0.024,1.0
2023-10-16,1.529,1.553,0.024,1.0
2023-10-17,1.525,1.549,0.024,1.0
2023-10-18,1.509,1.533,0.024,1.0
2023-10-19,1.499,1.5230000000000001,0.024,1.0
2023-10-20,1.484,1.508,0.024,1.0
2023-10-23,1.448,1.472,0.024,1.0
2023-10-24,1.461,1.485,0.024,1.0
2023-10-25,1.47,1.494,0.024,1.0
2023-10-26,1.474,1.498,0.024,1.0
2023-10-27,1.501,1.525,0.024,1.0
2023-10-30,1.512,1.536,0.024,1.0
2023-10-31,1.508,1.532,0.024,1.0
2023-11-01,1.503,1.527,0.024,1.0
2023-11-02,1.492,1.516,0.024,1.0
2023-11-03,1.502,1.526,0.024,1.0
2023-11-06,1.53,1.554,0.024,1.0
2023-11-07,1.532,1.556,0.024,1.0
2023-11-08,1.53,1.554,0.024,1.0
2023-11-09,1.526,1.55,0.024,1.0
2023-11-10,1.521,1.545,0.024,1.0
2023-11-13,1.529,1.553,0.024,1.0
2023-11-14,1.535,1.559,0.024,1.0
2023-11-15,1.546,1.57,0.024,1.0
2023-11-16,1.534,1.558,0.024,1.0
2023-11-17,1.536,1.56,0.024,1.0
2023-11-20,1.545,1.569,0.024,1.0
2023-11-21,1.538,1.562,0.024,1.0
2023-11-22,1.52,1.544,0.024,1.0
2023-11-23,1.536,1.56,0.024,1.0
2023-11-24,1.524,1.548,0.024,1.0
2023-11-27,1.52,1.544,0.024,1.0
2023-11-28,1.528,1.552,0.024,1.0
2023-11-29,1.52,1.544,0.024,1.0
2023-11-30,1.514,1.538,0.024,1.0
2023-12-01,1.523,1.547,0.024,1.0
2023-12-04,1.52,1.544,0.024,1.0
2023-12-05,1.494,1.518,0.024,1.0
2023-12-06,1.498,1.522,0.024,1.0
2023-12-07,1.502,1.526,0.024,1.0
2023-12-08,1.505,1.529,0.024,1.0
2023-12-11,1.519,1.543,0.024,1.0
2023-12-12,1.522,1.546,0.024,1.0
2023-12-13,1.509,1.533,0.024,1.0
2023-12-14,1.502,1.526,0.024,1.0
2023-12-15,1.492,1.516,0.024,1.0
2023-12-18,1.476,1.5,0.024,1.0
2023-12-19,1.473,1.497,0.024,1.0
2023-12-20,1.457,1.481,0.024,1.0
2023-12-21,1.459,1.483,0.024,1.0
2023-12-22,1.459,1.483,0.024,1.0
2023-12-25,1.454,1.478,0.024,1.0
2023-12-26,1.442,1.466,0.024,1.0
2023-12-27,1.447,1.471,0.024,1.0
2023-12-28,1.472,1.496,0.024,1.0
2023-12-29,1.483,1.5070000000000001,0.024,1.0
2024-01-02,1.478,1.502,0.024,1.0
2024-01-03,1.478,1.502,0.024,1.0
2024-01-04,1.468,1.492,0.024,1.0
2024-01-05,1.449,1.473,0.024,1.0
2024-01-08,1.416,1.44,0.024,1.0
2024-01-09,1.418,1.442,0.024,1.0
2024-01-10,1.411,1.435,0.024,1.0
2024-01-11,1.428,1.452,0.024,1.0
2024-01-12,1.425,1.449,0.024,1.0
2024-01-15,1.422,1.446,0.024,1.0
2024-01-16,1.421,1.445,0.024,1.0
2024-01-17,1.389,1.413,0.024,1.0
2024-01-18,1.389,1.413,0.024,1.0
2024-01-19,1.374,1.3980000000000001,0.024,1.0
2024-01-22,1.327,1.351,0.024,1.0
2024-01-23,1.33,1.354,0.024,1.0
2024-01-24,1.353,1.377,0.024,1.0
2024-01-25,1.392,1.416,0.024,1.0
2024-01-26,1.376,1.4,0.024,1.0
2024-01-29,1.352,1.3760000000000001,0.024,1.0
2024-01-30,1.323,1.347,0.024,1.0
2024-01-31,1.285,1.309,0.024,1.0
2024-02-01,1.285,1.309,0.024,1.0
2024-02-02,1.256,1.28,0.024,1.0
2024-02-05,1.227,1.2510000000000001,0.024,1.0
2024-02-06,1.334,1.358,0.024,1.0
2024-02-07,1.4,1.424,0.024,1.0
2024-02-08,1.408,1.432,0.024,1.0
2024-02-19,1.406,1.43,0.024,1.0
2024-02-20,1.406,1.43,0.024,1.0
2024-02-21,1.407,1.431,0.024,1.0
2024-02-22,1.418,1.442,0.024,1.0
2024-02-23,1.422,1.446,0.024,1.0
2024-02-26,1.422,1.446,0.024,1.0
2024-02-27,1.456,1.48,0.024,1.0
2024-02-28,1.423,1.447,0.024,1.0
2024-02-29,1.464,1.488,0.024,1.0
2024-03-01,1.476,1.5,0.024,1.0
2024-03-04,1.474,1.498,0.024,1.0
2024-03-05,1.466,1.49,0.024,1.0
2024-03-06,1.467,1.491,0.024,1.0
2024-03-07,1.45,1.474,0.024,1.0
2024-03-08,1.466,1.49,0.024,1.0
2024-03-11,1.492,1.516,0.024,1.0
2024-03-12,1.485,1.5090000000000001,0.024,1.0
2024-03-13,1.484,1.508,0.024,1.0
2024-03-14,1.478,1.502,0.024,1.0
2024-03-15,1.495,1.5190000000000001,0.024,1.0
2024-03-18,1.516,1.54,0.024,1.0
2024-03-19,1.503,1.527,0.024,1.0
2024-03-20,1.506,1.53,0.024,1.0
2024-03-21,1.498,1.522,0.024,1.0
2024-03-22,1.476,1.5,0.024,1.0
2024-03-25,1.455,1.479,0.024,1.0
2024-03-26,1.448,1.472,0.024,1.0
2024-03-27,1.417,1.441,0.024,1.0
2024-03-28,1.439,1.463,0.024,1.0
2024-03-29,1.451,1.475,0.024,1.0
2024-04-01,1.48,1.504,0.024,1.0
2024-04-02,1.475,1.499,0.024,1.0
2024-04-03,1.472,1.496,0.024,1.0
2024-04-08,1.452,1.476,0.024,1.0
2024-04-09,1.464,1.488,0.024,1.0
2024-04-10,1.448,1.472,0.024,1.0
2024-04-11,1.454,1.478,0.024,1.0
2024-04-12,1.447,1.471,0.024,1.0
2024-04-15,1.465,1.489,0.024,1.0
2024-04-16,1.426,1.45,0.024,1.0
2024-04-17,1.463,1.487,0.024,1.0
2024-04-18,1.466,1.49,0.024,1.0
2024-04-19,1.457,1.481,0.024,1.0
2024-04-22,1.445,1.469,0.024,1.0
2024-04-23,1.43,1.454,0.024,1.0
2024-04-24,1.444,1.468,0.024,1.0
2024-04-25,1.444,1.468,0.024,1.0
2024-04-26,1.474,1.498,0.024,1.0
2024-04-29,1.503,1.527,0.024,1.0
2024-04-30,1.494,1.518,0.024,1.0
2024-05-06,1.517,1.541,0.024,1.0
2024-05-07,1.516,1.54,0.024,1.0
2024-05-08,1.497,1.5210000000000001,0.024,1.0
2024-05-09,1.525,1.549,0.024,1.0
2024-05-10,1.52,1.544,0.024,1.0
2024-05-13,1.512,1.536,0.024,1.0
2024-05-14,1.509,1.533,0.024,1.0
2024-05-15,1.497,1.5210000000000001,0.024,1.0
2024-05-16,1.49,1.514,0.024,1.0
2024-05-17,1.509,1.533,0.024,1.0
2024-05-20,1.516,1.54,0.024,1.0
2024-05-21,1.507,1.531,0.024,1.0
2024-05-22,1.504,1.528,0.024,1.0
2024-05-23,1.479,1.5030000000000001,0.024,1.0
2024-05-24,1.466,1.49,0.024,1.0
2024-05-27,1.48,1.504,0.024,1.0
2024-05-28,1.465,1.489,0.024,1.0
2024-05-29,1.473,1.497,0.024,1.0
2024-05-30,1.465,1.489,0.024,1.0
2024-05-31,1.466,1.49,0.024,1.0
2024-06-03,1.456,1.48,0.024,1.0
2024-06-04,1.474,1.498,0.024,1.0
2024-06-05,1.458,1.482,0.024,1.0
2024-06-06,1.446,1.47,0.024,1.0
2024-06-07,1.447,1.471,0.024,1.0
2024-06-11,1.446,1.47,0.024,1.0
2024-06-12,1.449,1.473,0.024,1.0
2024-06-13,1.442,1.466,0.024,1.0
2024-06-14,1.449,1.473,0.024,1.0
2024-06-17,1.446,1.47,0.024,1.0
2024-06-18,1.452,1.476,0.024,1.0
2024-06-19,1.441,1.465,0.024,1.0
2024-06-20,1.424,1.448,0.024,1.0
2024-06-21,1.418,1.442,0.024,1.0
2024-06-24,1.389,1.413,0.024,1.0
2024-06-25,1.381,1.405,0.024,1.0
2024-06-26,1.398,1.422,0.024,1.0
2024-06-27,1.379,1.403,0.024,1.0
2024-06-28,1.382,1.406,0.024,1.0
2024-07-01,1.392,1.416,0.024,1.0
2024-07-02,1.38,1.404,0.024,1.0
2024-07-03,1.371,1.395,0.024,1.0
2024-07-04,1.352,1.3760000000000001,0.024,1.0
2024-07-05,1.358,1.3820000000000001,0.024,1.0
2024-07-08,1.336,1.36,0.024,1.0
2024-07-09,1.362,1.3860000000000001,0.024,1.0
2024-07-10,1.353,1.377,0.024,1.0
2024-07-11,1.383,1.407,0.024,1.0
2024-07-12,1.374,1.3980000000000001,0.024,1.0
2024-07-15,1.365,1.389,0.024,1.0
2024-07-16,1.37,1.3940000000000001,0.024,1.0
2024-07-17,1.359,1.383,0.024,1.0
2024-07-18,1.362,1.3860000000000001,0.024,1.0
2024-07-19,1.363,1.387,0.024,1.0
2024-07-22,1.362,1.3860000000000001,0.024,1.0
2024-07-23,1.324,1.348,0.024,1.0
2024-07-24,1.307,1.331,0.024,1.0
2024-07-25,1.308,1.332,0.024,1.0
2024-07-26,1.325,1.349,0.024,1.0
2024-07-29,1.317,1.341,0.024,1.0
2024-07-30,1.315,1.339,0.024,1.0
2024-07-31,1.369,1.393,0.024,1.0
2024-08-01,1.359,1.383,0.024,1.0
2024-08-02,1.342,1.366,0.024,1.0
2024-08-05,1.321,1.345,0.024,1.0
2024-08-06,1.331,1.355,0.024,1.0
2024-08-07,1.329,1.353,0.024,1.0
2024-08-08,1.334,1.358,0.024,1.0
2024-08-09,1.329,1.353,0.024,1.0
2024-08-12,1.322,1.346,0.024,1.0
2024-08-13,1.325,1.349,0.024,1.0
2024-08-14,1.308,1.332,0.024,1.0
2024-08-15,1.318,1.342,0.024,1.0
2024-08-16,1.311,1.335,0.024,1.0
2024-08-19,1.313,1.337,0.024,1.0
2024-08-20,1.292,1.316,0.024,1.0
2024-08-21,1.286,1.31,0.024,1.0
2024-08-22,1.273,1.297,0.024,1.0
2024-08-23,1.273,1.297,0.024,1.0
2024-08-26,1.275,1.299,0.024,1.0
2024-08-27,1.263,1.287,0.024,1.0
2024-08-28,1.262,1.286,0.024,1.0
2024-08-29,1.279,1.303,0.024,1.0
2024-08-30,1.3,1.324,0.024,1.0
2024-09-02,1.277,1.301,0.024,1.0
2024-09-03,1.291,1.315,0.024,1.0
2024-09-04,1.286,1.31,0.024,1.0
2024-09-05,1.292,1.316,0.024,1.0
2024-09-06,1.275,1.299,0.024,1.0
2024-09-09,1.266,1.29,0.024,1.0
2024-09-10,1.264,1.288,0.024,1.0
2024-09-11,1.268,1.292,0.024,1.0
2024-09-12,1.262,1.286,0.024,1.0
2024-09-13,1.25,1.274,0.024,1.0
2024-09-18,1.254,1.278,0.024,1.0
2024-09-19,1.271,1.295,0.024,1.0
2024-09-20,1.261,1.285,0.024,1.0
2024-09-23,1.262,1.286,0.024,1.0
2024-09-24,1.318,1.342,0.024,1.0
2024-09-25,1.333,1.357,0.024,1.0
2024-09-26,1.409,1.433,0.024,1.0
2024-09-27,1.499,1.5230000000000001,0.024,1.0
2024-09-30,1.649,1.673,0.024,1.0
2024-10-08,1.814,1.838,0.024,1.0
2024-10-09,1.633,1.657,0.024,1.0
2024-10-10,1.604,1.6280000000000001,0.024,1.0
2024-10-11,1.537,1.561,0.024,1.0
2024-10-14,1.572,1.596,0.024,1.0
2024-10-15,1.542,1.566,0.024,1.0
2024-10-16,1.531,1.555,0.024,1.0
2024-10-17,1.526,1.55,0.024,1.0
2024-10-18,1.591,1.615,0.024,1.0
2024-10-21,1.6,1.624,0.024,1.0
2024-10-22,1.615,1.639,0.024,1.0
2024-10-23,1.623,1.647,0.024,1.0
2024-10-24,1.609,1.633,0.024,1.0
2024-10-25,1.631,1.655,0.024,1.0
2024-10-28,1.65,1.674,0.024,1.0
2024-10-29,1.636,1.66,0.024,1.0
2024-10-30,1.644,1.668,0.024,1.0
2024-10-31,1.656,1.68,0.024,1.0
2024-11-01,1.647,1.671,0.024,1.0
2024-11-04,1.665,1.689,0.024,1.0
2024-11-05,1.717,1.741,0.024,1.0
2024-11-06,1.726,1.75,0.024,1.0
2024-11-07,1.753,1.777,0.024,1.0
2024-11-08,1.75,1.774,0.024,1.0
2024-11-11,1.776,1.8,0.024,1.0
2024-11-12,1.76,1.784,0.024,1.0
2024-11-13,1.758,1.782,0.024,1.0
2024-11-14,1.712,1.736,0.024,1.0
2024-11-15,1.668,1.692,0.024,1.0
2024-11-18,1.647,1.671,0.024,1.0
2024-11-19,1.67,1.694,0.024,1.0
2024-11-20,1.684,1.708,0.024,1.0
2024-11-21,1.68,1.704,0.024,1.0
2024-11-22,1.625,1.649,0.024,1.0
2024-11-25,1.614,1.6380000000000001,0.024,1.0
2024-11-26,1.606,1.6300000000000001,0.024,1.0
2024-11-27,1.634,1.658,0.024,1.0
2024-11-28,1.624,1.6480000000000001,0.024,1.0
2024-11-29,1.648,1.672,0.024,1.0
2024-12-02,1.672,1.696,0.024,1.0
2024-12-03,1.671,1.695,0.024,1.0
2024-12-04,1.658,1.682,0.024,1.0
2024-12-05,1.662,1.686,0.024,1.0
2024-12-06,1.685,1.709,0.024,1.0
2024-12-09,1.677,1.701,0.024,1.0
2024-12-10,1.692,1.716,0.024,1.0
2024-12-11,1.703,1.727,0.024,1.0
2024-12-12,1.718,1.742,0.024,1.0
2024-12-13,1.693,1.717,0.024,1.0
2024-12-16,1.67,1.694,0.024,1.0
2024-12-17,1.655,1.679,0.024,1.0
2024-12-18,1.66,1.684,0.024,1.0
2024-12-19,1.666,1.69,0.024,1.0
2024-12-20,1.669,1.693,0.024,1.0
2024-12-23,1.645,1.669,0.024,1.0
2024-12-24,1.662,1.686,0.024,1.0
2024-12-25,1.651,1.675,0.024,1.0
2024-12-26,1.658,1.682,0.024,1.0
2024-12-27,1.665,1.689,0.024,1.0
2024-12-30,1.664,1.688,0.024,1.0
2024-12-31,1.619,1.643,0.024,1.0
2025-01-02,1.566,1.59,0.024,1.0
2025-01-03,1.542,1.566,0.024,1.0
2025-01-06,1.532,1.556,0.024,1.0
2025-01-07,1.546,1.57,0.024,1.0
2025-01-08,1.54,1.564,0.024,1.0
2025-01-09,1.538,1.562,0.024,1.0
2025-01-10,1.518,1.542,0.024,1.0
2025-01-13,1.521,1.545,0.024,1.0
2025-01-14,1.571,1.595,0.024,1.0
2025-01-15,1.562,1.586,0.024,1.0
2025-01-16,1.566,1.59,0.024,1.0
2025-01-17,1.579,1.603,0.024,1.0
2025-01-20,1.584,1.608,0.024,1.0
2025-01-21,1.59,1.614,0.024,1.0
2025-01-22,1.585,1.609,0.024,1.0
2025-01-23,1.575,1.599,0.024,1.0
2025-01-24,1.598,1.622,0.024,1.0
2025-01-27,1.58,1.604,0.024,1.0
2025-02-05,1.586,1.61,0.024,1.0
2025-02-06,1.622,1.6460000000000001,0.024,1.0
2025-02-07,1.648,1.672,0.024,1.0
2025-02-10,1.662,1.686,0.024,1.0
2025-02-11,1.655,1.679,0.024,1.0
2025-02-12,1.675,1.699,0.024,1.0
2025-02-13,1.67,1.694,0.024,1.0
2025-02-14,1.68,1.704,0.024,1.0
2025-02-17,1.679,1.703,0.024,1.0
2025-02-18,1.652,1.676,0.024,1.0
2025-02-19,1.679,1.703,0.024,1.0
2025-02-20,1.682,1.706,0.024,1.0
2025-02-21,1.709,1.733,0.024,1.0
2025-02-24,1.704,1.728,0.024,1.0
2025-02-25,1.691,1.715,0.024,1.0
2025-02-26,1.71,1.734,0.024,1.0
2025-02-27,1.703,1.727,0.024,1.0
2025-02-28,1.66,1.684,0.024,1.0
2025-03-03,1.663,1.687,0.024,1.0
2025-03-04,1.679,1.703,0.024,1.0
2025-03-05,1.681,1.705,0.024,1.0
2025-03-06,1.707,1.731,0.024,1.0
2025-03-07,1.702,1.726,0.024,1.0
2025-03-10,1.697,1.721,0.024,1.0
2025-03-11,1.708,1.732,0.024,1.0
2025-03-12,1.71,1.734,0.024,1.0
2025-03-13,1.697,1.721,0.024,1.0
2025-03-14,1.725,1.749,0.024,1.0
2025-03-17,1.727,1.7510000000000001,0.024,1.0
2025-03-18,1.732,1.756,0.024,1.0
2025-03-19,1.728,1.752,0.024,1.0
2025-03-20,1.716,1.74,0.024,1.0
2025-03-21,1.692,1.716,0.024,1.0
2025-03-24,1.686,1.71,0.024,1.0
2025-03-25,1.684,1.708,0.024,1.0
2025-03-26,1.685,1.709,0.024,1.0
2025-03-27,1.686,1.71,0.024,1.0
2025-03-28,1.674,1.698,0.024,1.0
2025-03-31,1.658,1.682,0.024,1.0
2025-04-01,1.667,1.691,0.024,1.0
2025-04-02,1.67,1.694,0.024,1.0
2025-04-03,1.657,1.681,0.024,1.0
2025-04-07,1.499,1.5230000000000001,0.024,1.0
2025-04-08,1.503,1.527,0.024,1.0
2025-04-09,1.54,1.564,0.024,1.0
2025-04-10,1.566,1.59,0.024,1.0
2025-04-11,1.577,1.601,0.024,1.0
2025-04-14,1.592,1.616,0.024,1.0
2025-04-15,1.584,1.608,0.024,1.0
2025-04-16,1.568,1.592,0.024,1.0
2025-04-17,1.575,1.599,0.024,1.0
2025-04-18,1.575,1.599,0.024,1.0
2025-04-21,1.595,1.619,0.024,1.0
2025-04-22,1.592,1.616,0.024,1.0
2025-04-23,1.595,1.619,0.024,1.0
2025-04-24,1.588,1.612,0.024,1.0
2025-04-25,1.593,1.617,0.024,1.0
2025-04-28,1.585,1.609,0.024,1.0
2025-04-29,1.588,1.612,0.024,1.0
2025-04-30,1.593,1.617,0.024,1.0
2025-05-06,1.624,1.6480000000000001,0.024,1.0
2025-05-07,1.626,1.65,0.024,1.0
2025-05-08,1.633,1.657,0.024,1.0
2025-05-09,1.622,1.6460000000000001,0.024,1.0
2025-05-12,1.641,1.665,0.024,1.0
2025-05-13,1.637,1.661,0.024,1.0
2025-05-14,1.646,1.67,0.024,1.0
2025-05-15,1.621,1.645,0.024,1.0
2025-05-16,1.617,1.641,0.024,1.0
2025-05-19,1.621,1.645,0.024,1.0
2025-05-20,1.628,1.652,0.024,1.0
2025-05-21,1.631,1.655,0.024,1.0
2025-05-22,1.619,1.643,0.024,1.0
2025-05-23,1.603,1.627,0.024,1.0
2025-05-26,1.61,1.6340000000000001,0.024,1.0
2025-05-27,1.605,1.629,0.024,1.0
2025-05-28,1.602,1.6260000000000001,0.024,1.0
2025-05-29,1.624,1.6480000000000001,0.024,1.0
2025-05-30,1.614,1.6380000000000001,0.024,1.0
2025-06-03,1.616,1.6400000000000001,0.024,1.0
2025-06-04,1.63,1.654,0.024,1.0
2025-06-05,1.639,1.663,0.024,1.0
2025-06-06,1.639,1.663,0.024,1.0
2025-06-09,1.651,1.675,0.024,1.0
2025-06-10,1.637,1.661,0.024,1.0
2025-06-11,1.649,1.673,0.024,1.0
2025-06-12,1.652,1.676,0.024,1.0
2025-06-13,1.638,1.662,0.024,1.0
2025-06-16,1.645,1.669,0.024,1.0
2025-06-17,1.644,1.668,0.024,1.0
2025-06-18,1.641,1.665,0.024,1.0
2025-06-19,1.627,1.651,0.024,1.0
2025-06-20,1.615,1.639,0.024,1.0
2025-06-23,1.624,1.6480000000000001,0.024,1.0
2025-06-24,1.649,1.673,0.024,1.0
2025-06-25,1.677,1.701,0.024,1.0
2025-06-26,1.672,1.696,0.024,1.0
2025-06-27,1.677,1.701,0.024,1.0
2025-06-30,1.691,1.715,0.024,1.0
2025-07-01,1.698,1.722,0.024,1.0
2025-07-02,1.689,1.713,0.024,1.0
2025-07-03,1.694,1.718,0.024,1.0
2025-07-04,1.695,1.719,0.024,1.0
2025-07-07,1.689,1.713,0.024,1.0
2025-07-08,1.712,1.736,0.024,1.0
2025-07-09,1.705,1.729,0.024,1.0
2025-07-10,1.715,1.739,0.024,1.0
2025-07-11,1.728,1.752,0.024,1.0
2025-07-14,1.726,1.75,0.024,1.0
2025-07-15,1.726,1.75,0.024,1.0
2025-07-16,1.723,1.747,0.024,1.0
2025-07-17,1.745,1.7690000000000001,0.024,1.0
2025-07-18,1.751,1.775,0.024,1.0
2025-07-21,1.768,1.792,0.024,1.0
2025-07-22,1.785,1.809,0.024,1.0
2025-07-23,1.781,1.805,0.024,1.0
2025-07-24,1.806,1.83,0.024,1.0
2025-07-25,1.806,1.83,0.024,1.0
2025-07-28,1.814,1.838,0.024,1.0
2025-07-29,1.825,1.849,0.024,1.0
2025-07-30,1.813,1.837,0.024,1.0
2025-07-31,1.789,1.813,0.024,1.0
2025-08-01,1.781,1.805,0.024,1.0
2025-08-04,1.797,1.821,0.024,1.0
2025-08-05,1.81,1.834,0.024,1.0
2025-08-06,1.825,1.849,0.024,1.0
2025-08-07,1.82,1.844,0.024,1.0
2025-08-08,1.815,1.839,0.024,1.0
2025-08-11,1.836,1.86,0.024,1.0
2025-08-12,1.843,1.867,0.024,1.0
2025-08-13,1.869,1.893,0.024,1.0
2025-08-14,1.849,1.873,0.024,1.0
2025-08-15,1.891,1.915,0.024,1.0
2025-08-18,1.916,1.94,0.024,1.0
2025-08-19,1.914,1.938,0.024,1.0
2025-08-20,1.934,1.958,0.024,1.0
2025-08-21,1.937,1.961,0.024,1.0
2025-08-22,1.962,1.986,0.024,1.0
2025-08-25,1.999,2.023,0.024,1.0
2025-08-26,2.001,2.025,0.024,1.0
2025-08-27,1.974,1.998,0.024,1.0
2025-08-28,2.014,2.038,0.024,1.0
2025-08-29,2.025,2.049,0.024,1.0
2025-09-01,2.043,2.067,0.024,1.0
2025-09-02,2.003,2.027,0.024,1.0
2025-09-03,1.97,1.994,0.024,1.0
2025-09-04,1.925,1.949,0.024,1.0
2025-09-05,1.985,2.009,0.024,1.0
2025-09-08,2.006,2.03,0.024,1.0
2025-09-09,1.997,2.021,0.024,1.0
2025-09-10,1.992,2.016,0.024,1.0
2025-09-11,2.048,2.072,0.024,1.0
2025-09-12,2.052,2.076,0.024,1.0
2025-09-15,2.058,2.082,0.024,1.0
2025-09-16,2.063,2.087,0.024,1.0
2025-09-17,2.085,2.109,0.024,1.0
2025-09-18,2.07,2.094,0.024,1.0
2025-09-19,2.06,2.084,0.024,1.0
2025-09-22,2.08,2.104,0.024,1.0
2025-09-23,2.065,2.089,0.024,1.0
2025-09-24,2.106,2.13,0.024,1.0
2025-09-25,2.114,2.138,0.024,1.0
2025-09-26,2.091,2.115,0.024,1.0
2025-09-29,2.119,2.1430000000000002,0.024,1.0
2025-09-30,2.136,2.16,0.024,1.0
2025-10-09,2.172,2.196,0.024,1.0
2025-10-10,2.137,2.161,0.024,1.0
2025-10-13,2.128,2.152,0.024,1.0
2025-10-14,2.079,2.103,0.024,1.0
2025-10-15,2.101,2.125,0.024,1.0
2025-10-16,2.078,2.102,0.024,1.0
2025-10-17,2.034,2.058,0.024,1.0
2025-10-20,2.033,2.057,0.024,1.0
2025-10-21,2.068,2.092,0.024,1.0
2025-10-22,2.057,2.081,0.024,1.0
2025-10-23,2.058,2.082,0.024,1.0
2025-10-24,2.091,2.115,0.024,1.0
2025-10-27,2.127,2.151,0.024,1.0
2025-10-28,2.116,2.14,0.024,1.0
2025-10-29,2.155,2.179,0.024,1.0
2025-10-30,2.134,2.158,0.024,1.0
2025-10-31,2.125,2.149,0.024,1.0
2025-11-03,2.119,2.1430000000000002,0.024,1.0
2025-11-04,2.083,2.107,0.024,1.0
2025-11-05,2.084,2.108,0.024,1.0
2025-11-06,2.119,2.1430000000000002,0.024,1.0
2025-11-07,2.116,2.14,0.024,1.0
2025-11-10,2.118,2.142,0.024,1.0
2025-11-11,2.102,2.126,0.024,1.0
2025-11-12,2.091,2.115,0.024,1.0
2025-11-13,2.12,2.144,0.024,1.0
2025-11-14,2.093,2.117,0.024,1.0
2025-11-17,2.088,2.112,0.024,1.0
2025-11-18,2.07,2.094,0.024,1.0
2025-11-19,2.059,2.083,0.024,1.0
2025-11-20,2.045,2.069,0.024,1.0
2025-11-21,1.978,2.002,0.024,1.0
2025-11-24,1.985,2.009,0.024,1.0
2025-11-25,2.007,2.031,0.024,1.0
2025-11-26,2.01,2.034,0.024,1.0
2025-11-27,2.007,2.031,0.024,1.0
2025-11-28,2.028,2.052,0.024,1.0
2025-12-01,2.054,2.078,0.024,1.0
2025-12-02,2.037,2.061,0.024,1.0
2025-12-03,2.026,2.05,0.024,1.0
2025-12-04,2.029,2.053,0.024,1.0
2025-12-05,2.052,2.076,0.024,1.0
2025-12-08,2.078,2.102,0.024,1.0
2025-12-09,2.065,2.089,0.024,1.0
2025-12-10,2.072,2.096,0.024,1.0
2025-12-11,2.057,2.081,0.024,1.0
2025-12-12,2.08,2.104,0.024,1.0
2025-12-15,2.071,2.095,0.024,1.0
2025-12-16,2.039,2.063,0.024,1.0
2025-12-17,2.078,2.102,0.024,1.0
2025-12-18,2.07,2.094,0.024,1.0
2025-12-19,2.092,2.116,0.024,1.0
2025-12-22,2.113,2.137,0.024,1.0
2025-12-23,2.114,2.138,0.024,1.0
2025-12-24,2.145,2.169,0.024,1.0
2025-12-25,2.159,2.183,0.024,1.0
2025-12-26,2.173,2.197,0.024,1.0
2025-12-29,2.164,2.188,0.024,1.0
2025-12-30,2.172,2.196,0.024,1.0
2025-12-31,2.175,2.199,0.024,1.0
2026-01-05,2.235,2.259,0.024,1.0
2026-01-06,2.282,2.306,0.024,1.0
2026-01-07,2.297,2.321,0.024,1.0
2026-01-08,2.303,2.327,0.024,1.0
2026-01-09,2.357,2.3810000000000002,0.024,1.0
2026-01-12,2.412,2.436,0.024,1.0
2026-01-13,2.38,2.404,0.024,1.0
2026-01-14,2.398,2.422,0.024,1.0
2026-01-15,2.405,2.429,0.024,1.0
2026-01-16,2.41,2.434,0.024,1.0
2026-01-19,2.419,2.443,0.024,1.0
2026-01-20,2.405,2.429,0.024,1.0
2026-01-21,2.435,2.459,0.024,1.0
2026-01-22,2.452,2.476,0.024,1.0
2026-01-23,2.516,2.54,0.024,1.0
2026-01-26,2.482,2.5060000000000002,0.024,1.0
2026-01-27,2.491,2.515,0.024,1.0
2026-01-28,2.515,2.539,0.024,1.0
2026-01-29,2.49,2.5140000000000002,0.024,1.0
2026-01-30,2.443,2.467,0.024,1.0
2026-02-02,2.339,2.363,0.024,1.0
2026-02-03,2.42,2.444,0.024,1.0
2026-02-04,2.424,2.448,0.024,1.0
2026-02-05,2.376,2.4,0.024,1.0
2026-02-06,2.382,2.406,0.024,1.0
2026-02-09,2.429,2.453,0.024,1.0
2026-02-10,2.423,2.447,0.024,1.0
2026-02-11,2.432,2.456,0.024,1.0
2026-02-12,2.464,2.488,0.024,1.0
2026-02-13,2.425,2.449,0.024,1.0
2026-02-24,2.451,2.475,0.024,1.0
2026-02-25,2.49,2.5140000000000002,0.024,1.0
2026-02-26,2.498,2.5220000000000002,0.024,1.0
2026-02-27,2.526,2.55,0.024,1.0
2026-03-02,2.528,2.552,0.024,1.0
2026-03-03,2.425,2.449,0.024,1.0
2026-03-04,2.413,2.437,0.024,1.0
2026-03-05,2.43,2.454,0.024,1.0
2026-03-06,2.439,2.463,0.024,1.0
2026-03-09,2.416,2.44,0.024,1.0
2026-03-10,2.453,2.477,0.024,1.0
2026-03-11,2.449,2.473,0.024,1.0
2026-03-12,2.439,2.463,0.024,1.0
2026-03-13,2.407,2.431,0.024,1.0
2026-03-16,2.393,2.417,0.024,1.0
2026-03-17,2.342,2.366,0.024,1.0
2026-03-18,2.365,2.3890000000000002,0.024,1.0
2026-03-19,2.304,2.328,0.024,1.0
2026-03-20,2.267,2.291,0.024,1.0
2026-03-23,2.17,2.194,0.024,1.0
2026-03-24,2.217,2.241,0.024,1.0
2026-03-25,2.27,2.294,0.024,1.0
2026-03-26,2.236,2.2600000000000002,0.024,1.0
2026-03-27,2.263,2.287,0.024,1.0
2026-03-30,2.264,2.288,0.024,1.0
2026-03-31,2.231,2.255,0.024,1.0
2026-04-01,2.263,2.287,0.024,1.0
2026-04-02,2.226,2.25,0.024,1.0
2026-04-03,2.201,2.225,0.024,1.0
2026-04-07,2.216,2.24,0.024,1.0
2026-04-08,2.328,2.352,0.024,1.0
2026-04-09,2.309,2.333,0.024,1.0
2026-04-10,2.33,2.354,0.024,1.0
2026-04-13,2.329,2.353,0.024,1.0
2026-04-14,2.367,2.391,0.024,1.0
2026-04-15,2.353,2.3770000000000002,0.024,1.0
2026-04-16,2.394,2.418,0.024,1.0
2026-04-17,2.405,2.429,0.024,1.0
2026-04-20,2.425,2.449,0.024,1.0
2026-04-21,2.419,2.443,0.024,1.0
2026-04-22,2.453,2.477,0.024,1.0
2026-04-23,2.433,2.457,0.024,1.0
2026-04-24,2.418,2.442,0.024,1.0
2026-04-27,2.433,2.457,0.024,1.0
2026-04-28,2.407,2.431,0.024,1.0
2026-04-29,2.448,2.472,0.024,1.0
2026-04-30,2.452,2.476,0.024,1.0
2026-05-06,2.52,2.544,0.024,1.0
2026-05-07,2.552,2.576,0.024,1.0
2026-05-08,2.551,2.575,0.024,1.0
2026-05-11,2.597,2.621,0.024,1.0
2026-05-12,2.58,2.604,0.024,1.0
2026-05-13,2.623,2.6470000000000002,0.024,1.0
2026-05-14,2.552,2.576,0.024,1.0
2026-05-15,2.518,2.542,0.024,1.0
2026-05-18,2.513,2.537,0.024,1.0
2026-05-19,2.538,2.562,0.024,1.0
2026-05-20,2.547,2.571,0.024,1.0
2026-05-21,2.476,2.5,0.024,1.0
2026-05-22,2.529,2.553,0.024,1.0
2026-05-25,2.557,2.581,0.024,1.0
2026-05-26,2.543,2.567,0.024,1.0
2026-05-27,2.509,2.533,0.024,1.0
2026-05-28,2.522,2.546,0.024,1.0
2026-05-29,2.463,2.487,0.024,1.0
2026-06-01,2.441,2.465,0.024,1.0
2026-06-02,2.455,2.479,0.024,1.0
2026-06-03,2.467,2.491,0.024,1.0
2026-06-04,2.466,2.49,0.024,1.0
2026-06-05,2.433,2.457,0.024,1.0
2026-06-08,2.353,2.3770000000000002,0.024,1.0
2026-06-09,2.412,2.436,0.024,1.0
2026-06-10,2.382,2.406,0.024,1.0
2026-06-11,2.372,2.396,0.024,1.0
2026-06-12,2.399,2.423,0.024,1.0
2026-06-15,2.485,2.509,0.024,1.0
2026-06-16,2.514,2.538,0.024,1.0
2026-06-17,2.548,2.572,0.024,1.0
2026-06-18,2.57,2.594,0.024,1.0
2026-06-22,2.619,2.6430000000000002,0.024,1.0
2026-06-23,2.566,2.59,0.024,1.0
2026-06-24,2.615,2.6390000000000002,0.024,1.0
2026-06-25,2.642,2.666,0.024,1.0
2026-06-26,2.582,2.606,0.024,1.0
2026-06-29,2.62,2.644,0.024,1.0
2026-06-30,2.68,2.704,0.024,1.0
2026-07-01,2.674,2.698,0.024,1.0
2026-07-02,2.579,2.603,0.024,1.0
2026-07-03,2.595,2.619,0.024,1.0
2026-07-06,2.572,2.596,0.024,1.0
2026-07-07,2.527,2.551,0.024,1.0
2026-07-08,2.505,2.529,0.024,1.0
2026-07-09,2.575,2.599,0.024,1.0
2026-07-10,2.53,2.554,0.024,1.0
2026-07-13,2.425,2.449,0.024,1.0
2026-07-14,2.465,2.489,0.024,1.0
2026-07-15,2.424,2.448,0.024,1.0
2026-07-16,2.369,2.3930000000000002,0.024,1.0
2026-07-17,2.252,2.276,0.024,1.0
